fecha,precio_promedio_real,precio_promedio_pronostico
2020-02-01,404.3233333333333,123.85270144509089
2015-06-01,195.071138,122.04966583555239
2018-12-04,101.11946633333334,118.4320017082724
2014-08-07,257.703955,118.80397166013759
2015-08-14,215.4580126666667,117.86475415869367
2003-07-20,71.92701066666667,115.72157586351706
1999-09-22,32.29538,115.01017012849213
2004-06-06,52.17797633333333,119.66716517197013
2016-09-07,269.82027166666666,119.09905292152371
2001-12-28,30.305869,112.12195849925708
2014-08-29,178.06031233333331,114.77429192236097
2002-07-31,46.69215833333334,114.4020311373941
2020-12-11,146.04166666666666,116.73938532208113
1999-03-15,20.644905,119.75729564558374
2012-01-12,55.653199666666666,121.79129441859338
2011-04-01,85.13073133333334,122.28245596174168
2018-01-31,121.91969866666666,118.46493287042613
2012-10-09,192.520942,118.06973407444173
2005-02-28,71.97370566666667,118.01813072573412
2008-05-06,117.706385,120.97947543918576
2019-03-23,204.555828,118.8383972353178
2015-04-09,188.15099333333333,121.05186987511567
2003-06-21,64.74853,116.71147755065755
1998-12-23,21.51065,113.21365752542928
2007-09-05,74.55109666666667,118.9411828185858
1999-05-01,21.576285,120.46378293675627
2003-05-15,74.041277,118.58108321425371
2004-04-30,68.313838,115.99139579521035
2011-11-19,65.71209599999999,115.06069497560127
2017-04-17,92.13608333333332,119.96603044894253
2002-07-21,44.01103333333333,116.00355478812156
2019-08-07,150.4256773333333,119.25075269912608
2014-09-24,142.14581433333333,115.54244794019213
1996-06-03,1.8479166666666669,120.46029996426729
2009-04-11,75.207555,120.12608628589004
2006-10-29,92.13075533333334,113.10595349830886
2005-12-04,74.410093,117.06882674063588
2011-01-17,89.77492766666667,121.12386332834707
2010-03-28,181.26958666666667,117.1326574066416
2014-06-02,371.1812396666666,121.23914288115529
1998-04-04,70.39045166666666,120.85276726387781
2007-09-25,73.69713833333333,115.0385428315539
2015-10-10,966.802428,117.63788354842154
2013-05-30,87.01967833333333,116.17703511065142
2017-04-20,112.687545,118.95609441357439
2007-04-10,92.784511,120.62033809670389
2007-11-18,57.53679666666667,114.87818595150901
2012-11-22,140.606609,114.6651184903454
2011-04-17,37.493924,118.90488985984167
2000-12-20,55.67959966666666,113.94407228532445
2005-08-11,97.11470066666668,117.98112811608489
2015-04-07,182.08917800000003,121.72516056536108
2015-12-06,737.9605846666667,117.28909812836746
2008-06-20,72.784115,117.23821450996674
1998-05-24,23.313076666666664,116.16983118408346
2014-03-16,128.24755966666666,119.80471130704748
2021-01-11,158.79,122.41284961739859
2013-07-20,185.6148843333333,116.4803633264739
1996-11-25,34.291666666666664,113.46540958839915
2019-01-30,298.449502,118.72920488532239
2007-12-28,73.23997933333332,112.49636620801914
2020-12-07,135.83666666666667,118.08596670257207
2009-06-10,124.14293933333336,119.58887232582669
2019-06-30,117.016356,115.75828692141283
2001-12-02,33.07703566666667,117.22296306166642
1998-01-22,151.70112833333334,118.8989691304559
2009-05-01,96.93964333333334,121.10065558993126
2007-12-11,94.50585433333332,116.33249246482376
2019-05-15,149.56783399999998,119.71427838597266
2004-09-12,49.25077,116.92370020318799
1996-08-31,1.9973333333333327,113.23446753063138
2017-09-20,112.92267599999998,116.53713471498355
2016-08-16,258.15455233333336,117.92773782834256
2001-05-25,41.80137533333333,116.30279872862022
1998-12-03,28.06535833333333,117.11629751246124
2020-03-16,316.5466666666667,120.86585189614834
1999-01-20,26.76745,119.49988649047485
2005-08-01,71.97599233333334,120.40415926217125
2020-01-02,254.39916666666667,124.30921199796886
2015-02-08,164.06618433333333,121.99282529538418
2005-10-04,58.55983166666667,118.64227873139896
1998-02-28,97.51917666666668,117.02936346685972
2005-05-10,74.14915699999999,119.98478866439432
2006-02-04,64.07000833333332,122.37347126767162
2001-08-07,38.206879,118.26230418786002
2018-02-24,139.341144,119.08487208314368
2000-10-05,55.156257333333336,117.85885234728777
1997-11-01,138.48145,117.8207501303366
2020-11-10,219.4745833333333,117.85632675996631
2004-05-12,78.75152266666667,119.3838713043753
2018-09-08,71.27926866666667,118.73957572573005
2004-08-18,50.58068466666666,116.64040633559311
2008-09-03,57.539365333333336,119.4073255635847
2007-08-07,112.25184733333332,118.63671189662209
2009-07-31,131.58298366666668,114.56929090090956
2012-09-21,218.482242,115.75370833087223
1999-05-19,25.55474333333333,117.65876976968867
2001-07-17,36.81147766666667,117.30059468905704
2009-12-09,234.7898363333333,116.72626187959618
2004-06-16,50.22155966666667,118.06564152124268
2019-12-16,355.1795153333333,116.20672884685496
2018-04-19,127.012295,119.22036642847068
1996-11-01,1.968,117.77120865078112
2003-04-10,86.47859899999999,120.10118372748892
2005-01-19,78.605913,120.07616492933954
2010-12-25,64.82245533333334,112.73007150796896
1995-09-26,11.8685,114.08785668392721
2003-08-12,64.78967666666667,117.92400404643519
2015-12-12,613.250651,116.21264836277197
2011-08-19,65.79334366666667,116.60579536900599
2001-05-15,51.873042,118.7258298747066
2015-12-23,717.6806413333334,114.27447936692178
2002-01-25,50.378943,118.40818746430267
2000-05-30,32.321099,115.63536763837389
2001-10-13,49.32802166666667,116.1586533710023
1999-02-02,26.06469333333333,122.75758738461965
2018-07-11,88.79535966666667,119.437866296145
2007-04-17,95.13034433333333,119.20724298598567
2009-01-13,129.11081433333334,121.67176906415001
2012-11-15,181.64480233333333,116.07821360106364
2012-07-02,77.88952366666668,120.60359344884576
2016-01-18,680.0212263333334,121.23399902221283
2000-06-01,37.97391666666667,120.70932271858692
2021-04-13,154.6475,120.88834389350751
2009-12-31,138.01422533333334,112.1503312023188
2012-04-29,40.835182333333336,116.54484238340407
2000-06-20,41.28225,117.1433280766777
2001-10-26,42.805688333333336,113.54719368490666
1998-01-19,122.90942,119.90890516582404
1995-08-28,1.4641666666666666,114.32963670146425
2009-08-03,128.88997366666666,120.25002294114074
2010-07-23,73.81620366666668,116.24665802652412
2009-01-01,161.92481433333333,123.27841765584022
2014-04-29,457.487136,117.22160321831018
2018-02-26,150.60755033333334,119.23308888825719
2014-03-22,170.32902433333334,118.72826154145201
2014-02-12,189.26796266666668,121.54012474047866
2000-12-10,40.97126633333333,115.5455959360519
1999-06-28,28.02358666666667,115.60073556608329
2014-07-13,152.39014333333333,118.36733604646653
2017-01-25,130.41198,119.61375596624812
2011-05-01,49.33937733333334,121.0778237392603
2007-03-05,98.27263,122.27521322495922
2005-05-14,69.20224033333334,118.7601220936853
2014-05-06,431.2542553333333,121.35388314794785
1998-04-15,63.56020166666667,118.91459826802765
2008-02-07,108.14370466666666,122.04029606720954
2016-07-19,131.91648633333332,117.83287250075696
2019-04-24,138.421234,118.40818867777145
2003-06-26,63.48603,115.8497583204029
1999-01-09,27.59245,121.43805548632508
2005-05-20,64.09390699999999,117.56175751830789
2008-10-05,69.02146733333333,118.07565359035871
1998-10-24,26.070986666666663,113.75087148549261
1997-06-15,26.63958,117.41351960749095
2012-10-03,256.395515,119.1461838400372
2005-06-02,66.83876166666667,120.81945841245268
2014-11-15,157.14407833333334,116.05538175039268
2017-04-07,108.83875133333332,121.44563928988809
2013-08-15,134.77656266666668,117.67285547402386
2004-12-03,65.04790566666667,117.35593060620313
2015-02-22,174.707865,119.1666350739477
2006-06-27,63.13394466666667,116.10464067472155
2006-01-24,78.275713,119.26398717864036
1999-07-05,26.46430666666667,119.18676455622017
2016-09-06,246.367998,119.43569826664641
2016-12-30,97.34092433333336,112.65423631095697
1996-04-19,4.927083333333333,117.71276354798958
1997-03-17,29.41752333333333,119.22875161579118
2016-12-12,93.31691233333332,116.82700791288434
1997-05-25,35.56701333333333,115.90555916918716
2002-01-13,37.47477633333333,120.68300180527552
2019-12-31,274.955101,113.0438932802958
2010-09-03,102.267933,119.2625789031318
2009-11-15,143.9244196666667,115.60860071140414
2009-08-29,140.76739033333334,114.44942569315441
2020-07-10,151.27916666666667,119.49499036579472
2005-02-01,85.11537233333333,123.33386582348429
2019-01-16,220.2062873333333,121.55539510675887
2000-09-15,68.94436,116.21611729396376
2016-05-28,151.1749593333333,116.62034600497935
2019-10-27,169.06661,114.32091166083194
2011-09-20,99.39656066666667,116.29750162124165
2012-05-30,48.11395533333334,116.24940844087786
2020-12-25,182.4141666666667,113.3669441611439
1997-12-09,127.396125,116.11222107709219
2002-07-09,38.796616666666665,118.97796181467153
2018-05-30,69.388861,116.62381614963994
1998-09-27,22.2234,113.52123154288688
2011-05-08,40.57792366666666,120.21097956804296
2020-06-11,400.8404166666666,119.93864111343441
1996-03-04,5.6883333333333335,121.79066982233134
2016-09-03,174.82009533333334,119.62412680665565
2017-11-16,156.572584,116.18834929492948
1999-05-25,26.36041,116.58232000409322
2000-12-16,53.38759966666667,114.46914617045641
2017-03-30,75.14759333333333,117.44813397527057
2018-12-06,107.97421033333336,117.75871101802699
2004-08-06,60.951518,118.79330586678405
2011-11-01,63.32564366666667,119.1115517677467
2006-04-06,63.792214,121.09587050228035
2017-11-17,151.76646133333333,115.8517039498067
2000-03-18,37.706667,118.66212647475095
2020-07-23,173.05583333333334,117.00544548948099
2004-05-10,77.151731,120.05716199462076
2010-01-15,168.11080866666666,120.92610504367808
2014-07-01,188.577889,121.34174307301645
2000-01-04,41.68895466666667,122.92699407193035
2015-10-16,1004.3700276666668,116.43951897304409
2010-03-23,167.049968,118.6939693224733
2014-01-24,159.73000033333332,119.3588736119294
2011-01-30,106.277955,117.81281095667443
2013-04-18,391.2218306666667,119.11023073460488
2010-08-29,93.85258066666664,114.37705236292796
2021-04-11,135.39,120.74012708839402
2015-02-09,151.388336,122.4776874456204
2005-01-25,73.41320466666667,118.99971516374407
2010-10-13,140.687005,117.00267396942382
2008-06-11,81.89982333333334,119.32460031093044
1996-01-25,15.919791666666669,118.16855437056076
2010-05-13,151.20595966666667,119.42163366801466
2006-11-04,87.858332,117.7767495031719
2016-09-30,197.2076473333333,114.18647689912356
2006-04-05,70.07304733333334,121.43251584740307
2009-04-04,79.54047166666668,121.53918139660829
2006-03-05,91.11078633333334,121.52607905982669
2009-08-18,118.295023,117.08718737458159
2018-01-10,134.31906766666663,122.70421820258079
2001-07-23,37.593186,116.22414492346151
2004-03-20,72.119998,118.50799015372044
2021-01-17,158.27833333333334,121.06114329594497
2020-03-30,227.40166666666667,118.0396616747119
2012-09-08,157.13419433333334,118.36516801696794
2002-09-13,50.08650533333334,116.74466132375632
2011-07-07,47.423835,119.67376560797962
2011-11-22,68.98466966666666,114.87226643559204
2010-04-05,195.8643793333333,121.95167021661801
2001-03-03,79.97894966666667,121.75258871108366
2012-09-13,163.79215166666663,117.50344878671326
1995-07-26,1.108625,114.97457579435145
2013-03-05,209.417874,122.51484631870113
2011-04-04,90.80401033333334,122.21594223151435
2014-09-08,182.4861703333333,119.04192885187399
2001-06-28,44.93865300000001,115.32121429061036
2013-07-31,218.90672633333327,115.08844527012452
2011-09-06,96.8847,119.12369184267808
1999-01-18,29.932033333333333,120.1731771807203
2000-01-15,33.034788,120.28923239050312
2012-01-03,58.60061566666667,123.87768021955706
2009-03-01,119.85030366666666,122.52076583461813
2018-05-10,74.602801,120.52645613667188
2002-03-01,51.070489,122.23159126132074
2000-11-14,47.72878666666667,115.80081814368239
2006-04-27,61.519672333333325,116.85658517012574
1997-01-03,21.348311666666664,122.5373371025915
1999-12-03,30.301620000000003,117.04392418223476
1996-08-22,3.875,115.19893852181313
2009-05-06,110.90231,120.90710210895931
1999-10-05,34.229245,118.0660002925343
2001-08-22,44.506254000000006,115.64571956080168
1999-05-23,23.59641,116.43410319897968
2016-11-22,139.33007033333334,115.18427285956041
2013-01-10,181.61804866666668,122.25743716359229
2008-10-13,57.97146733333333,116.60116969037585
1997-04-06,28.344228333333334,120.25184990385878
2005-07-29,72.91903266666667,114.72342722194006
2012-10-20,180.7264563333333,115.43197239301448
2007-10-24,66.33527033333333,114.5948920839142
2000-03-30,35.367417,116.38731213377805
2000-08-28,51.81889133333333,114.64164312543262
2016-04-12,329.743499,120.77820819964175
2006-05-04,63.508623,120.9888650997634
2017-07-04,66.11115466666666,120.92333473708972
2010-10-23,129.13947933333333,114.70155763311934
2005-01-23,79.51724633333335,118.85149835863054
2001-05-06,46.35970866666667,119.99070818031133
2001-11-23,37.473378,113.64205901249227
1995-12-04,134.96995833333332,117.13154677303795
1996-03-09,3.965,120.22935790649964
2019-11-26,209.876795,114.56399379353105
2020-04-11,245.36666666666667,120.81250041862049
1999-12-11,30.844203333333336,115.41609853617574
2009-11-13,140.66850300000002,116.1599765918677
2006-02-27,91.205925,118.28240274063045
2004-05-06,72.93943933333334,120.4603210699708
2006-04-30,56.45704733333333,115.96856394453941
2015-10-12,1022.166131,117.23984941403421
1995-08-06,2.387583333333333,118.0840598833827
2011-09-29,82.02101833333333,114.21111582027795
2016-10-31,157.03383666666667,114.01295776637924
2010-06-17,81.35011833333333,118.10340388488206
1998-10-06,21.239736666666666,117.80172827763806
2009-01-20,120.944981,120.2586739534318
2002-11-05,51.238029,117.74245728419316
2019-06-04,124.79062799999998,121.55888416939919
1998-03-29,83.90331,116.18197125901483
2005-06-20,58.055011666666665,117.59010911566615
2014-06-10,364.51335166666667,120.03565336481518
2003-09-07,61.05811133333333,117.87065256890732
2003-04-25,73.637349,116.93834816092975
2005-07-22,72.96969933333334,116.13652233265827
2020-07-11,132.59916666666666,119.28025983045393
2008-11-25,78.33379366666666,114.07945039090325
1997-03-18,26.601981666666664,118.89210627066848
1999-05-04,28.69099333333334,120.82160533624786
1998-12-18,21.758316666666666,113.953461945902
1997-10-27,133.9044033333333,113.6348162757098
2017-11-30,88.59577,113.36215907349303
2016-09-09,203.26613066666667,118.42576223127826
2003-09-06,62.77006966666666,118.20729791403006
2019-08-21,116.741092,116.97081341719047
1995-09-18,8.454916666666668,115.83759713976809
1996-03-06,6.425541666666667,121.11737913208589
1995-08-14,33.19025,117.15582692290067
2017-05-24,64.043307,117.77263924546192
2008-03-06,94.04607166666666,121.73141993458997
1997-09-07,91.13344166666668,117.49624486014523
2014-12-21,181.9196553333333,114.19863589203472
2004-03-01,81.35178966666666,122.89549229098857
2016-12-10,72.492575,116.67879110777086
2009-02-23,103.44443566666666,119.27708951542184
2018-04-04,138.79035100000002,122.38320199502982
2013-02-05,214.5861453333333,123.0255931814233
2002-08-09,45.89977833333333,118.06289110688893
1998-10-02,23.178486666666668,118.20488735298805
1998-06-11,19.74682333333333,118.56581284797355
2008-07-15,51.288411,118.14114514281796
2007-12-18,101.721896,114.91939735410553
1997-12-26,113.5565,112.27609482028755
2002-09-02,45.377963666666666,119.50433781496542
1996-10-25,3.9807083333333337,113.43705799104085
2005-03-29,71.18196333333333,117.17073851788926
1996-01-04,23.575,122.40783970271539
2008-06-29,46.03765666666666,115.27374351878497
2005-01-13,85.95057966666667,121.15261469493505
2006-12-14,61.22413666666667,115.39492975968201
2004-05-04,71.42806433333334,121.13361176021625
2016-01-24,557.247779,119.33604176125843
2017-12-07,81.15309166666667,117.49443900313072
2018-11-08,91.19883166666666,117.865716420544
2002-02-27,59.69105,117.76324837141549
2007-01-27,100.95310966666666,118.30359262282767
2010-11-01,122.63315166666666,118.6376741584723
2008-04-11,96.50220766666666,120.07654480633457
2019-07-20,112.69387033333334,116.85477103523598
1999-11-16,32.33595666666667,115.33467539868349
2003-06-15,71.08103,117.78792731625303
2003-08-22,68.16301,115.50097290034877
1998-07-21,18.415496666666662,116.30590791426557
2018-12-18,201.59541633333333,115.60581148683595
1995-12-25,13.261625,112.34601050138251
2004-02-29,64.07699966666667,117.06712583049902
1997-06-20,28.97683,116.55180037723623
2019-09-02,204.05924066666668,120.56515965645796
2004-03-07,75.789998,120.99753503003413
1999-01-10,25.071616666666667,121.10141014120232
2015-04-06,183.115959,122.06180591048377
2009-07-04,116.594692,120.0069408084417
2000-03-17,38.16500033333333,118.87685701009173
2007-11-06,65.90154666666666,117.85259297805895
2003-11-27,63.979826333333335,113.0941532766894
2013-09-30,148.29730266666667,114.53837150482299
2003-07-13,71.85192733333334,117.68092191373609
2006-09-29,134.24230133333336,113.76433478128938
2006-03-30,54.73578633333333,116.76171984254012
2004-02-17,73.50679133333334,120.041532857049
1999-02-24,23.73186,118.18165670734226
2016-12-21,138.88354133333334,114.74062211192066
2001-12-15,39.97570233333334,114.73341818535266
2011-09-13,106.15667566666669,117.71059673195987
2003-02-23,70.25552133333333,118.215948926321
1996-05-28,1.8572916666666668,115.78950395940437
2012-12-14,195.55332566666667,115.63456285342389
2009-09-30,269.796592,114.01921713560807
1999-05-14,24.84641,118.39857419016144
2003-04-23,77.747974,117.61163885117521
2010-04-30,164.4290146666667,116.36580350397246
2019-11-17,171.843651,115.82887209913572
2018-01-06,136.32859566666667,123.22929208771275
2019-07-24,119.48394166666668,116.87594808960489
2010-01-01,120.50122533333332,123.20604432561372
2013-09-20,135.88042900000002,116.01798034576855
2021-03-20,131.77833333333334,119.56881199521291
2011-03-05,80.929791,121.97286009881526
2011-08-28,74.34025833333332,114.64132437782429
2019-07-16,130.53585566666666,118.62568854544583
2011-10-10,85.96917766666667,117.94023667456554
2005-07-03,60.10757433333333,119.82443178434941
2003-01-17,69.41681766666666,120.08555458991712
2002-12-28,60.96732433333333,112.17149997881253
2007-02-04,102.70522833333332,122.30109793744519
2018-01-04,144.26584333333332,123.78066796817632
2014-04-28,445.9988026666667,117.5582485634329
2006-02-28,88.830925,117.94575739550774
2001-02-09,83.76447233333333,121.06497099842846
1998-08-10,20.19744333333333,118.15051369769209
2001-01-22,83.17342233333333,119.49049682989728
2011-02-27,97.71170566666666,117.90767628426003
1999-06-15,26.88433666666667,118.09028044239702
2006-03-16,65.67353633333333,119.58791006397657
1998-09-30,26.60744166666667,113.33280300287763
2013-10-28,291.92151033333334,114.43136610230603
2007-01-07,83.99227633333334,122.20623260985958
1998-12-02,30.883233333333333,117.45294285758395
2015-03-28,210.83494566666664,117.57943844563007
2000-07-05,41.346665,119.52586755047446
2017-11-29,88.01087633333333,113.69880441861575
2011-04-12,97.46289933333334,120.4662017756734
2019-02-22,376.925401,119.56387463338075
2010-02-20,276.9737456666667,119.39314472520466
2009-09-20,182.5049253333333,115.62074078633556
2004-07-11,45.839299,118.14706465873496
2019-12-21,337.263526,114.64541693102326
2009-11-20,155.445253,114.74688148114949
2005-06-17,58.65501166666667,117.65662284589348
2004-03-30,69.97349799999999,116.90646650299298
2020-01-26,369.02,119.18190544022794
2007-10-04,96.26835366666668,118.49753207094611
2014-01-09,161.12289033333334,122.52170917848858
2001-04-13,54.53184033333333,118.68974341307282
1999-04-15,23.24296,118.8422249378012
2007-11-10,49.26471333333333,116.62792640734996
2016-11-03,183.47662166666663,118.75026750146964
2008-09-15,94.29282366666666,117.25442603239367
2012-01-26,59.34800333333334,118.96510419715695
2002-03-17,59.199364,118.85402515942074
2010-09-10,93.464463,117.84948379241357
2006-10-26,101.57846366666666,113.99397472389518
2015-09-24,804.0080136666667,115.47007460996569
1996-01-14,26.48333333333333,120.10672336641088
1999-08-14,30.576466666666665,116.85347379675666
2000-09-11,54.15302666666667,117.5626986744547
2004-08-28,50.801518,114.33928999928861
2019-11-10,291.49677966666667,117.24196720985394
2008-03-23,60.19773833333334,118.01720848756723
2018-05-29,69.12417166666667,116.96046149476267
2010-03-15,164.84562466666668,120.44370977831419
2013-04-13,259.43022433333334,119.97194996485952
2016-03-10,884.365687,121.42314729252895
2019-09-09,214.8140803333333,119.15206454573976
2009-01-22,120.14081433333332,119.58538326318634
1999-03-17,21.795613333333336,119.08400495533832
2002-02-28,88.54238333333332,117.42660302629277
2014-05-10,453.92906266666665,120.12921657723882
2009-05-08,99.89735166666668,120.23381141871387
2012-05-20,39.024098333333335,117.8509320916053
2018-12-07,115.63936133333334,117.42206567290421
2009-07-10,84.81719199999999,118.80857623306424
2003-07-17,72.10151066666667,117.15584802860414
2016-02-25,868.2509086666668,118.90583320371212
2018-02-09,133.96944066666666,122.12579283992095
2017-07-13,71.084041,118.83694893612605
2009-05-13,101.75226833333332,119.49400699824109
2012-09-12,159.86640300000002,117.84009413183595
2000-03-13,36.144167,120.22343839058264
2010-02-13,175.26501500000003,120.8062398359229
2004-12-18,63.181239,114.31500984942589
2001-08-13,37.71521233333333,117.73210536176533
1995-08-20,2.068041666666667,115.25786966194626
1995-09-08,15.391666666666666,117.31720598071365
2009-10-15,161.55700299999998,116.40175660940481
2008-10-24,104.651884,114.3877441386676
2011-10-24,73.04426866666667,115.11404645312912
2009-05-04,110.64022666666666,121.58039279920473
2014-07-02,151.72786033333333,121.00509772789374
2004-06-24,48.632143000000006,116.31590106540177
1998-03-19,91.941685,118.48308759531933
2018-08-19,77.01487066666667,116.89496994230339
1998-03-22,94.46706,117.59506636973305
2003-01-06,63.97098433333333,122.29898014162544
2010-10-10,120.36484666666666,117.19110250943305
2018-12-13,190.83868,116.34561590730875
2003-01-24,73.34110933333334,118.67245947919892
2014-04-27,459.41724099999993,117.07338641319667
2015-10-05,1803.799301,119.19919546425324
2008-11-16,94.57746033333336,115.34432869650792
2005-06-05,52.09251166666667,119.93143718686638
2012-11-11,168.21447766666668,116.60328748619561
1999-04-14,24.11191833333333,119.1788702829239
2002-01-16,40.899776333333335,120.49457326526634
2002-06-09,31.877158,118.936750412075
2013-12-14,173.03156233333334,115.68410433297937
2015-08-07,179.963653,118.73159832991107
2009-02-25,129.30168566666666,118.60379882517645
2008-12-22,139.930175,114.30909033350889
1999-04-29,21.47341833333333,116.01603471636477
2013-05-26,54.544143,116.70210899578342
2003-01-15,67.53410933333333,120.75884528016262
2003-12-30,54.83979200000001,112.24734345369957
2004-02-28,72.688458,117.4037711756218
2007-07-30,88.85018166666667,115.18545752150534
2010-03-21,160.59444133333332,118.5457525173598
2007-12-09,87.62577099999999,116.18427565971028
1999-08-22,30.4098,115.10373334091572
2015-07-14,224.5989803333333,118.77982486647629
2012-06-05,51.10554199999999,120.92020444574085
2001-05-23,47.77637533333333,116.97608941886568
1998-01-13,124.823795,120.98535493141956
2002-12-07,67.57232433333333,116.41078531096719
2017-05-03,90.48610466666668,122.01192457761657
2002-03-28,36.72382233333333,116.36960522406979
1996-06-02,1.261875,119.97543781403111
1998-02-09,179.044135,121.41686560412789
2004-05-30,52.593606,115.33301451222985
1996-08-24,5.15,114.64756264134962
1998-11-30,25.428206666666668,112.58085850747351
1996-03-21,1.9166666666666667,117.95454356552676
1996-12-28,36.011583333333334,111.79709227005043
2009-12-14,257.72341966666664,115.98645745912339
1998-06-17,20.315573333333333,117.48936308237799
2000-11-02,48.12295333333333,117.95371767487339
1997-03-03,24.44627333333333,122.05494183722763
2010-02-22,305.1457076666666,119.54136153031814
2015-10-24,794.9506943333332,114.81169332698511
2016-07-13,126.49047266666668,118.90932226635248
2001-08-25,36.906879,114.75769833521545
2019-12-08,266.7238536666667,116.58871086783618
2020-08-15,154.30666666666664,117.96203004732129
1999-02-08,25.202610000000004,121.68113761902417
2011-08-05,72.02075366666666,119.43198559044244
2010-02-14,173.58301500000002,120.46959449080019
2004-05-31,60.16027266666666,115.81787666246605
2000-01-01,32.868121333333335,122.56917167243874
1997-08-31,38.149746666666665,113.16209420040494
2010-06-04,78.75993566666666,120.59294876119574
2006-08-12,65.84261333333333,117.69402425051763
2009-04-22,97.12968,118.18791729003985
2019-07-19,115.723058,117.61575251007758
2014-02-10,190.7805163333333,122.21341543072407
1998-11-08,24.539873333333333,116.33528168939198
1999-10-25,32.77253666666667,114.16336030550237
2000-01-11,33.993121333333335,121.51389896121213
2016-10-25,227.891745,115.0894075319748
2011-09-19,92.28426533333334,116.6341469663643
2009-03-11,110.35955366666668,120.9192421838907
2001-01-23,87.065089,119.15385148477458
2012-12-31,158.945351,112.74185890176011
2011-04-20,54.20917933333333,118.71646131983245
2017-01-26,144.22684166666667,119.2771106211254
2009-06-28,124.52502266666666,115.53801553368127
1998-08-22,21.350401666666667,115.17610667114218
2000-09-20,72.05136,115.47631287349103
2001-03-17,75.401033,118.92639848964721
2002-02-07,53.08305000000001,121.66588835844742
2017-01-09,122.175195,122.56698593842918
2014-08-01,364.3250023333333,120.42667236523386
2012-08-08,131.78482266666666,119.15832391496856
2012-12-01,166.887729,118.24602253951954
2002-11-29,56.21023733333334,112.4932359166703
2020-01-13,356.5091666666667,122.49295781190055
2007-01-31,93.18227633333332,117.77851873769568
2000-01-16,32.284788,119.95258704538041
1997-11-21,145.77886666666666,113.79619533352273
2020-12-02,120.80916666666668,118.82577112304482
2020-03-07,361.4008333333333,122.1307302017531
2002-01-02,29.59665133333333,123.32076348670277
2019-02-27,338.38551466666667,118.82407021290801
2015-06-16,213.0755083333333,118.88683026899325
2011-09-24,95.152907,115.07283505053266
2003-05-03,79.32906866666666,120.8558975552266
2005-07-01,60.480491,120.37580766481297
2014-02-11,212.91474066666663,121.87677008560141
2017-03-20,115.071209,119.32491418185612
2021-01-05,171.19999999999996,124.03555032249494
2016-11-30,179.2914843333333,113.43453240371946
1997-05-11,28.387305,118.73174939062358
2004-01-25,59.60024933333333,118.38535561363167
2001-07-15,38.506686,117.15237788394353
2021-03-31,155.60166666666666,117.63064299936273
2011-08-17,99.47786033333334,117.27908605925148
2012-10-15,207.75046366666663,116.44703336934535
2003-12-06,46.214792,116.67505732586343
2016-06-18,272.41195866666664,118.12830644328315
2010-01-19,159.668267,120.52294596832807
2010-11-03,117.01607466666668,118.5106344077277
1997-12-27,124.992,112.06136428494675
2008-06-14,75.03765666666668,118.43657908534416
2001-02-10,79.97693066666666,120.8502404630876
2020-07-16,147.89833333333334,118.41854060019922
2006-03-06,86.44411966666667,122.01094121006291
2001-04-05,65.68021533333334,120.98573480841463
1999-10-19,31.89112,115.23981007109785
2009-01-23,130.029981,119.2487379180636
2010-08-18,85.670929,117.01481404435516
2010-01-31,124.55530866666668,117.54853894177813
2005-02-26,63.298289,117.86991392062066
2004-10-18,72.08312333333333,115.3422109006881
2020-08-30,151.10833333333335,114.7991944807621
2005-09-26,77.956442,114.84664414688403
2007-11-24,62.28304666666667,113.80173618591354
2005-09-07,91.04060866666669,118.41263878879323
1997-03-19,22.032398333333333,118.55546092554572
2016-02-17,854.2416586666667,120.65557365955299
1997-08-24,32.06074666666667,114.57518931112318
1997-07-10,27.06331,118.19453543056028
2008-09-16,85.09049033333334,116.917780687271
2012-03-16,137.98712366666666,119.82754315771844
2017-07-05,64.90935133333333,120.58668939196696
2008-03-28,103.76657166666666,117.15548925731254
2000-04-03,42.581663,121.73139882888644
2009-10-06,271.93679333333336,118.48814241036848
2012-07-06,77.60328666666668,119.80326300785568
2002-10-31,52.49544533333333,112.73501593420741
1999-03-07,20.256363333333336,120.68552860606574
2011-02-09,109.55122833333331,121.95853307640547
2019-06-06,142.374341,120.88559347915378
2005-07-31,72.05740766666666,114.17205134147655
1996-07-13,1.2544583333333332,117.37888753520045
2010-01-21,148.407392,119.84965527808265
2008-01-15,88.22385233333334,121.20562631915114
2014-01-04,158.02802666666668,123.38342840874326
2003-07-21,72.343219,116.75268895325405
1996-05-09,2.6624583333333334,119.35549860131363
2001-04-18,67.11517366666668,118.49618993210086
1996-03-31,2.7000000000000006,115.65342722922225
2008-10-30,101.930884,113.3112943730721
2013-02-26,154.496233,118.78630784926867
2017-09-28,131.83143766666666,114.78739425914266
1996-02-21,9.445833333333333,118.60006504326901
2014-09-16,141.60081166666666,117.29218839603304
2018-02-17,131.91696233333332,120.49796719386188
2004-07-29,54.03096566666667,114.79580055216654
2013-06-15,139.69109766666665,118.5467147792099
1996-01-10,34.83183333333333,121.33138993711987
1996-06-15,2.841708333333333,117.4858929377174
1999-09-03,33.79538,118.57616477040132
2000-02-24,44.01979866666667,118.10928337711584
2015-10-13,1183.5832776666666,117.44945500841231
2015-05-30,239.665252,116.15420325998042
2016-10-15,207.49871700000003,116.69093118270222
2013-02-17,161.18430066666667,120.05118615487336
2004-11-06,70.389958,117.24820547337933
2017-12-11,91.10220366666664,117.0912799277806
2010-10-01,126.30012366666666,119.15557350061478
2007-12-20,83.52089600000001,114.24610666386006
2018-02-28,146.20169033333335,118.55979819801173
1998-05-31,17.64716,114.75673607336519
2009-04-26,107.898555,116.96325071933089
2007-11-26,72.647255,113.94995299102702
2020-01-23,368.3025,120.0699266658142
1997-10-20,154.18502833333332,115.047911386428
2001-02-07,80.11497233333334,121.73826168867389
2013-08-22,123.407384,116.25976036330565
2005-03-05,76.84863,121.59845239005313
2020-11-11,221.115,117.51968141484362
2004-12-09,68.248239,116.2794808406077
2003-03-04,68.91977666666666,122.092704200867
2015-09-20,331.557515,115.99514849509758
2009-02-16,121.77581066666666,120.69018462614007
2011-06-26,43.932339000000006,116.06655956347387
1997-08-09,35.74116333333333,117.73802487768234
2010-03-08,221.44288133333336,121.85680488903247
2004-05-21,69.84881433333334,117.29748550341158
2006-12-08,54.34751166666666,115.92512858577668
2001-01-27,74.56092233333332,117.92918491406564
2005-07-28,77.12840766666666,115.06007256706286
2001-07-25,40.43772766666667,115.55085423321614
2003-02-04,77.08460466666666,122.60345106358915
2007-03-02,99.08621333333332,122.3417269551865
1999-05-28,25.34641,115.57238396872502
2006-09-09,105.09713466666666,117.78888957810331
2002-10-15,64.84532033333333,116.2344968458893
2005-07-02,59.899241,120.16107712947216
2019-01-22,217.6454513333333,120.47894534116337
2010-01-10,198.85393366666665,121.7878242739328
2016-12-29,103.41017366666664,112.99088165607976
1998-10-31,21.900986666666668,112.33777637477436
2016-03-15,883.4118119999999,120.68334287205617
2005-07-07,68.17840766666667,119.29935789921751
2016-05-21,146.70607366666664,118.03344111569756
2004-09-30,73.58035333333333,113.57243609661957
2019-10-09,412.544227,118.37176845297735
2000-03-07,35.22750033333333,121.29988815617817
2019-09-03,199.037234,120.22851431133527
2012-09-06,163.020499,118.91654389743145
2006-06-21,66.84936133333333,117.18109044031702
2000-11-04,45.286828333333325,117.40234179440984
2007-08-05,109.14768066666666,119.03474603100939
2016-07-28,135.92117066666663,115.74648669979331
2001-02-04,61.68534733333333,121.9266902286831
1996-04-05,2.0238333333333336,119.99270282992522
2005-11-25,55.80632533333334,113.48792269146176
2017-10-04,119.14000266666666,119.25631953390301
2016-07-30,138.67195666666666,115.19511081932976
1999-03-01,22.62132166666667,122.58348586702019
2011-08-09,110.90253766666667,119.02882651509246
2017-01-27,132.357124,118.94046527600261
2011-06-30,42.268734,115.5414856783419
2014-06-14,390.598536,118.81098679410619
2012-12-26,184.76657866666665,113.48166332223298
2009-05-20,131.68972666666667,118.08091188752287
2018-12-11,179.145492,117.01890659755418
2011-05-06,64.349036,120.76235544850643
2001-04-14,58.90684033333333,119.02126381723282
2013-07-19,198.28332333333333,117.2413448013155
2010-06-16,77.91243233333334,118.44004923000477
2013-03-17,128.55511266666667,119.54043929215122
2019-03-17,215.97200633333333,119.91484700091327
2005-02-09,74.80703899999999,121.5841253676434
2011-11-02,63.86564033333334,118.77490642262397
2016-02-28,868.2458253333334,118.01781197812579
2012-11-01,184.42981333333333,118.90440382250009
2007-03-06,106.99513,121.93856787983651
2019-01-10,330.5230256666667,122.63184487235436
2003-11-07,59.729826333333335,116.99679326372124
2020-01-18,355.72875,120.93164589606883
2016-05-04,157.39590833333332,121.74765256272026
2007-02-12,105.82856166666666,121.37286497696314
2004-09-14,54.24243666666666,117.07191700830145
1999-06-18,27.01708666666667,117.08034440702879
2012-10-29,161.66716,114.16709408740972
2008-04-08,96.60720766666668,121.0864808417028
2003-10-11,56.186072,116.68719740079483
2013-06-23,153.86052933333335,116.79697432336894
1999-08-17,32.36813333333333,116.66504525674745
2015-03-16,242.5164873333333,120.55384547217994
2011-09-14,91.46608966666666,117.3739513868371
1998-04-23,44.06799333333333,117.16485781218671
2014-01-08,164.43264200000002,122.85835452361133
1997-10-01,184.7684033333333,118.61390602833723
2017-06-01,68.82724066666667,121.77014456007946
2020-05-29,414.2941666666666,116.68094021928962
2000-02-16,48.82071533333333,119.85902383295678
2014-03-29,138.62150666666665,117.3151664307338
2000-08-25,53.152058,114.70815685565994
1995-10-18,3.015416666666667,115.05730104700568
2016-04-09,417.695642,120.96663673965101
2006-03-18,64.739953,119.03653418351297
2009-01-11,132.594981,121.52355225903649
1996-01-16,29.20833333333333,120.25494017152435
2016-10-23,212.2463123333333,114.94119072686124
2000-11-21,66.08087,114.38772303296417
2008-09-30,90.36369866666666,114.09159046583456
2007-01-23,95.932443,119.52825919353663
2005-02-02,81.51120566666667,122.99722047836156
2015-11-12,700.5526563333333,116.87102964575251
2004-08-24,53.756059666666665,115.56395656999763
2013-12-24,152.96975700000002,114.08258068225194
2004-01-28,63.771082666666665,118.19692707362246
2015-02-10,166.63482666666667,122.14104210049764
2005-07-06,68.630491,119.63600324434019
2005-01-28,78.08807966666667,117.98977912837584
2008-08-29,75.83341066666667,114.39988421359894
2014-07-11,148.62689833333334,118.91871192693003
2011-05-30,64.76101566666667,116.45655638612443
2000-02-17,48.424882,119.52237848783405
1998-04-21,49.840493333333335,117.83814850243213
2006-04-25,62.18979733333333,117.52987586037116
2014-03-14,142.39992199999998,120.35608718751104
2013-03-18,123.616709,120.02530144238742
2012-02-25,115.89311133333332,118.50859364427903
1995-11-07,15.988083333333334,116.90190683043225
2003-04-09,84.343599,120.43782907261169
2016-06-06,154.64755933333333,120.55646253033224
2017-06-05,68.48435166666667,121.36698548472937
1996-07-08,1.191375,118.94019945103217
2010-12-08,45.406981,116.44428295499166
2003-02-14,62.169188,120.18041991750273
2007-06-08,68.290495,119.59826198640432
1997-03-28,19.360606666666666,115.92282418508125
2020-07-17,143.455,118.08189525507646
2008-09-21,81.41319866666667,115.35646877143925
2000-12-12,57.721266333333325,115.6938127411654
2004-02-01,59.530124666666666,122.71950627337192
2013-03-14,149.42845966666667,120.42846051773749
1996-08-05,2.15625,119.03506477861771
2019-04-02,254.33297,122.98411935504885
2012-12-17,203.1452243333333,115.56804912319656
2000-09-17,51.13111,115.66474141350024
2020-02-27,306.0225,118.7516968826816
2001-09-28,41.89153533333333,113.65419908742366
1996-01-01,13.089458333333331,122.87152479858268
2016-08-12,151.01495066666666,118.33089690369259
1996-11-10,25.08333333333333,115.80673765959936
1999-05-11,30.24224333333333,119.40851022552964
2018-10-23,106.02861733333334,115.61795156176733
2006-10-03,152.034797,118.90655074629525
2009-07-16,122.17802533333332,117.7321264674688
2002-11-02,52.38794566666667,117.93088582420238
2008-09-19,87.030782,115.90784465190278
2013-09-05,138.859029,119.18081591232774
1999-04-30,21.77841833333333,115.67938937124198
1996-04-26,2.1194166666666665,116.2996684372714
2020-04-27,328.31333333333333,118.13452700229753
2006-12-15,57.65730333333334,115.05828441455922
2012-07-04,70.74661766666667,120.47655369810114
1999-04-23,26.685126666666665,117.0924844819602
2015-09-19,318.67478666666665,116.3317938402203
2006-08-05,69.56261333333333,119.10711936123582
1995-08-13,34.32783333333333,116.67096477266448
1995-07-21,4.924333333333333,115.71438021482417
2003-12-20,50.38562533333334,113.84886710442703
2003-07-02,66.63526066666667,120.3186835951633
2003-09-22,62.30056966666666,115.52932449770708
2010-05-06,150.46485733333333,120.8347287787329
2007-06-17,90.94132833333332,117.63379099522254
2019-11-24,205.11066766666667,114.41577698841755
2013-06-27,183.9612703333333,116.27190043823705
2020-05-10,306.44666666666666,120.36884967098074
2002-05-04,37.208547,120.59162554033031
2002-12-06,68.258991,116.62551584630795
2011-11-04,86.33751333333333,118.10161573237852
2019-01-06,314.0623796666667,123.15691875748631
2012-10-16,216.46333933333327,116.65663896372347
2017-09-19,102.12831066666666,116.87378006010627
2012-11-19,145.0707173333333,115.67505452571355
1999-08-11,30.743133333333333,117.74149502234295
2017-03-26,78.518231,117.97320786040255
2014-12-24,161.14318566666665,114.01020735202552
2008-08-09,76.01382733333334,118.42443901041284
2015-07-19,186.755124,117.21851295064454
1997-01-07,18.780436666666667,122.1341780272415
1996-07-14,1.254,117.04224219007769
2019-12-25,275.69171166666666,113.57409210639054
1995-11-14,12.380416666666669,115.48881171971402
2008-08-25,64.671619,115.74646559408987
2006-12-01,81.01726166666667,117.8844746359957
2019-08-08,113.21691400000002,119.46035829350424
2017-11-02,135.529057,119.01453951636593
2015-03-14,224.07091866666667,120.4056286670665
2014-05-30,462.6787376666667,116.10466178042493
1998-02-19,166.13209333333333,118.9938344580415
2010-08-14,84.270083,117.53988792948712
1996-06-16,1.6870833333333335,117.14924759259465
2010-07-14,90.19267133333334,118.3330438274878
2021-01-13,133.34666666666666,122.28580986665398
2020-01-12,309.29125,122.00809566166436
2015-05-13,323.46385533333336,119.86841470700314
2017-09-10,126.369921,118.138658365711
2017-01-24,148.969493,119.95040131137084
2014-01-02,148.83819066666666,123.93480428920677
2018-10-30,159.318841,114.20485645104911
2012-08-07,118.69617466666666,118.94871832059046
1999-12-30,33.84328666666667,111.72818908448461
2015-05-18,389.09743733333335,118.58235934702951
2013-05-22,136.83653566666666,117.92677556649235
1998-04-29,33.804993333333336,116.08840804659121
2001-06-26,41.34761133333333,115.9945049808558
2003-12-15,53.73145866666667,115.41017902025871
2006-12-30,58.080845,112.01736365778198
2020-12-08,123.52500000000002,117.20307041794855
2011-12-12,51.155044,116.51500148891597
2002-01-04,30.06477633333333,122.64747279645728
1996-03-07,7.104166666666667,120.78073378696321
2008-08-08,99.68757733333332,118.63916954575362
2014-07-22,175.34261966666668,117.10245774086181
1998-03-13,95.33456,119.55953736091477
2002-03-08,46.294864,120.81849615060256
2011-11-25,54.093635,113.86233040022387
2017-10-27,166.36420866666666,114.3437435115029
2009-05-14,98.00164333333332,119.15736165311837
2002-02-04,55.38788333333334,122.67582439381556
2020-02-22,576.5191666666667,119.6134161129362
2001-09-23,40.19153533333333,114.51591831767831
2002-06-30,34.055658,114.69746507992029
1998-08-13,21.190776666666668,117.14057766232396
2004-05-26,67.21189766666667,116.55768108293888
2013-10-17,190.77662766666663,116.2476202883743
2001-12-11,39.87191066666667,115.95808475606168
2008-09-13,83.03819866666667,117.10620922728023
2011-01-27,122.19521166666668,118.70083218226074
2013-10-11,163.70701966666667,117.32407005396979
2005-06-24,66.84251166666667,116.24352773517528
2020-11-02,189.47708333333333,119.05981627630642
2009-08-01,134.25114033333332,120.10180613602726
1997-05-18,38.383721666666666,117.31865427990535
2008-11-03,72.41079366666666,118.10913012867972
2000-08-29,56.443766333333336,114.30499778030988
2004-06-20,41.936309666666666,116.84097495053369
1999-04-03,20.30604333333333,121.1170392787741
2018-03-14,212.6909643333333,120.87524155672601
1996-06-01,1.56625,120.31208315915384
2001-03-08,87.56499133333334,120.89086948082905
2019-03-05,317.92955966666665,122.88925402746324
2000-01-23,32.32645466666667,118.53949193466218
2001-01-21,57.185839,119.00563467966109
2010-05-25,138.48187933333335,117.26873413682372
2001-09-06,58.898868666666665,118.23012976470103
2020-12-03,115.08416666666666,118.48912577792214
2015-03-22,171.22006399999998,118.65588821122556
2014-06-04,437.13047166666666,121.1121031304107
2015-01-06,213.011126,123.45927188363025
2016-04-17,166.59772133333334,119.21689628381003
2005-09-29,74.65727533333333,113.83670811151588
2000-12-08,44.47114133333333,115.55072087701463
2000-11-19,29.880119583333336,114.23950622785067
2013-08-04,173.90794000000002,119.61102446987404
1999-11-04,32.118790000000004,117.4875749298745
1997-12-06,136.92854166666666,116.30064961710139
2003-05-20,66.757402,117.84127879378096
2015-11-13,668.263423,116.53438430062972
2015-07-11,220.82001266666668,118.96825340648553
2012-05-26,40.23655466666667,116.77448232600986
2017-10-20,157.1142573333333,115.75683862222107
2003-04-17,76.57026566666666,118.14183767726989
2007-11-16,66.96029666666666,115.42956183197255
2000-01-22,35.13895466666667,118.8761372797849
2013-01-14,192.11613,121.8542780882422
2001-05-21,41.583458666666665,117.64938010911108
2019-04-07,220.03021566666663,121.42280743921711
2004-03-11,72.12916466666667,120.47246114490223
1998-06-20,19.53224,116.60134185679176
1997-06-09,23.567246666666662,118.76522592894457
1999-04-06,24.383876666666666,120.92861073876486
2019-12-10,332.9333083333333,117.28317861245048
1998-03-30,76.90556,116.66683340925103
2002-08-18,43.11611166666668,116.09842011570717
2000-12-01,68.03376633333333,117.51006692723362
2019-12-12,359.1692703333333,116.60988792220505
2021-04-27,181.77,118.06215367207109
2000-11-05,37.96570333333333,117.06569644928712
2020-04-12,258.77166666666665,120.47585507349775
2003-03-27,78.56644333333332,117.18012817846696
2002-09-11,49.965463666666665,117.41795201400181
2017-03-02,168.07206333333332,123.10051441814345
2015-08-11,211.707993,118.87469019406188
2000-08-10,48.339683,117.87099242221913
2000-06-18,37.907291666666666,116.9951112715642
2006-05-05,56.591956333333336,120.65221975464061
2001-07-04,42.17501933333333,119.79013956537075
2010-05-28,144.12913933333334,116.2587981014555
1997-02-16,20.61763333333333,119.25463632827713
1995-10-03,12.409208333333334,118.22013661356483
2014-08-14,158.377148,117.9371274889202
2018-03-27,174.13481166666665,118.38569668041232
2006-04-02,53.457172333333325,121.6209443874123
2002-10-04,53.652987,118.05075103195756
2004-08-27,53.51818466666666,114.55402053462942
2016-05-31,132.34567866666666,116.4319174649701
2014-08-09,159.54541600000002,118.79884671917486
2018-03-01,138.68059133333335,123.36478643303974
2001-03-09,84.872783,120.55422413570629
2004-08-25,54.17272633333334,115.22731122487492
2021-04-04,157.17,122.15322219911224
1999-08-16,30.576466666666665,116.45543966236932
2001-10-09,46.26643833333333,117.38331994171133
2010-08-05,62.301637,119.50435892066889
1997-12-04,134.267875,116.85202549756492
2016-06-10,172.56738233333337,119.75613208934215
2014-06-03,417.607243,121.4487484755334
2001-07-16,39.969186,117.63724003417974
2005-11-18,48.73590866666667,114.90101780217992
2002-12-14,65.85565766666666,114.99769020024895
1996-01-02,15.389,123.08113039296082
2014-10-12,139.36231966666668,117.03696618840254
1998-11-21,24.113915,113.84573681307823
1996-02-12,10.1625,120.6864508442327
2020-04-05,254.3325,121.88895018421597
2013-06-26,191.824313,116.60854578335977
2002-01-23,42.79560966666667,119.08147815454811
2015-05-15,447.03493733333335,119.19512401675767
2016-08-05,129.378241,119.74399201441081
2020-05-06,275.9604166666667,121.59351624168976
2010-06-01,133.06291333333334,121.60288479656394
2008-08-11,88.01916066666666,118.57265581552629
2002-08-12,45.453945,117.99637737666157
2000-05-14,34.009515666666665,118.3133410546968
2011-12-11,43.421927333333336,116.03013933867977
1996-12-24,7.75,113.02175884075946
1997-05-23,34.86984666666667,116.45693504965062
2013-02-10,207.07031666666668,121.46428126559158
2002-12-16,65.596491,115.14590700536243
2010-01-12,173.45080866666663,121.9360410790463
2014-12-22,194.86233166666668,114.68349804227094
1998-12-07,21.19598333333333,116.71313843711116
2000-04-18,48.31357966666667,118.56856326232733
2018-04-07,119.66310733333334,121.49518076944355
2017-04-26,93.12607666666668,117.87964464797894
2020-02-06,395.07083333333327,122.99098221483621
2015-05-29,287.23390233333333,116.36893379532123
2001-09-02,48.20224366666667,118.75520364983298
2018-09-27,133.96143433333333,115.05166627403891
2007-07-18,85.12818166666666,117.33835705269635
2003-03-21,81.71894333333333,118.25657794406234
2007-04-03,98.93609433333334,122.03343320742212
2013-01-08,174.97894499999998,122.93072785383775
1997-02-17,30.0173,119.73949847851333
2004-10-11,73.267915,117.30155695090717
2013-01-25,200.0913086666667,119.09460159703312
2010-03-31,286.177923,116.94422886663234
2010-11-15,86.01244933333332,115.81148393703585
2007-07-16,77.81318166666667,118.01164774294179
1996-04-03,3.6,121.2122444596715
2018-10-14,72.43596166666667,116.88282986737205
2002-09-25,53.60588033333334,114.59176179256539
2011-04-16,41.827907,119.24153520496439
2004-02-16,74.03012466666667,120.37817820217167
1996-01-21,19.33758333333333,118.69362825569266
1999-07-09,26.404056666666666,118.38643411523012
2018-01-24,113.09639866666669,119.87802798114437
1998-02-25,103.99171833333332,117.91738469244603
2009-02-20,111.09206066666668,119.34360324564918
2007-06-18,83.62216166666667,117.5724022059579
2012-04-27,49.823866333333335,117.09621826386763
2008-05-22,98.81309333333331,117.47999452750389
2006-07-18,58.70932633333334,117.4107303829228
2003-01-13,67.088151,121.43213597040805
2021-02-14,253.4670833333333,121.15600862353058
2013-04-06,179.98036833333333,121.38504507557774
2021-02-23,265.2041666666667,119.89113031792586
2004-02-24,75.10054133333334,118.6284377463308
2005-07-16,94.48257433333332,117.3348869080357
2007-12-06,89.11856266666666,117.07229688529651
2001-12-24,31.608660666666665,113.46853987974796
2001-01-31,97.93592233333334,117.40411102893363
2004-06-14,50.207143,118.19268127198727
2012-12-05,184.5076633333333,117.72094865438761
2004-07-19,52.289299,117.2188316982529
2011-08-22,79.52784566666666,116.53928163877866
2018-04-06,111.579035,121.70991130478431
2011-04-23,35.35667433333334,117.82844009424616
2000-01-31,44.11607966666667,117.61125897418015
2019-01-04,375.750485,123.7082946379498
2005-06-09,64.21751166666667,119.40636330173449
2012-03-19,128.291133,119.21477848799026
2020-03-31,202.7783333333333,117.70301632958919
2014-12-23,161.50995766666668,114.34685269714825
2005-05-25,68.74382366666667,116.82195309783515
2017-05-26,68.31793533333334,117.09934855521645
2016-01-12,659.9492673333333,122.31044878780837
2020-06-24,227.28583333333333,117.44909623712068
2017-01-11,118.11043,122.43994618768454
2011-04-07,113.931393,121.20600619614618
2017-06-29,66.26022333333334,116.11776411720656
1997-11-13,191.6955333333333,115.54593578936371
2015-08-28,151.97055933333334,115.03856393725728
2017-08-14,79.24516799999999,118.52865518836157
2009-05-18,129.56435166666668,118.75420257776831
1997-10-04,85.11273666666666,117.72588480275097
2007-02-17,103.614395,119.81155306113146
1997-06-07,28.18683,119.16326006333189
1996-02-07,4.556666666666667,121.42625526470546
1998-02-02,133.13105166666668,122.82996071484608
2001-04-06,63.99271533333334,120.64908946329184
2020-06-09,420.0625,120.6119318036799
2010-10-14,130.57946366666667,116.6660286243011
2018-01-08,132.06279666666669,122.83125795332542
2011-10-09,76.49269466666665,117.45537452432937
2010-09-15,104.72315333333334,117.1096793719408
2002-01-22,41.441443,119.41812349967083
2012-05-13,38.39798,119.26402720232353
2010-12-17,78.72152200000001,114.90414809352876
1996-12-14,6.152208333333333,114.62328249148686
2019-05-30,135.80362233333332,116.55144281941354
2008-09-05,48.33199033333333,118.73403487333923
2009-07-25,125.01323366666666,115.76765547628705
1999-08-05,30.39988333333333,118.81794478793842
2000-08-12,50.02722466666666,117.31961654175555
2005-11-10,61.818825333333336,116.6507582580209
2015-03-23,157.85292466666667,118.59449942196092
2003-06-19,73.78969666666667,117.2628534311211
2003-08-17,68.87967666666667,116.36269213060343
1999-10-08,31.84737,117.05606425716614
1996-03-05,7.885708333333333,121.45402447720862
2020-05-11,328.89916666666664,120.85371182121696
2010-06-25,102.99052566666668,116.3536634290411
2004-07-13,63.96013233333333,118.29528146384845
2020-09-24,142.30166666666668,115.78208103393405
2017-03-13,133.51984933333333,121.28426023207514
2003-03-30,78.30769333333333,116.29210695288062
2000-07-08,47.18983166666666,118.63784632488822
2009-07-19,132.094692,116.84410524188252
2003-03-14,80.03477666666667,119.66967305478056
2012-10-27,134.17599033333332,114.01887728229627
2005-01-12,85.52974633333334,121.48926004005777
2000-11-13,30.99270333333333,115.59121254930429
2014-02-17,194.06727633333333,120.80032032000585
2008-09-24,94.895032,115.16804023143006
2015-04-18,134.06760833333334,119.08739888393386
2008-06-05,82.79049,120.4010500765259
2013-11-27,153.5492396666667,113.85294073964624
2009-03-16,119.42297033333334,120.17943776341792
2019-04-03,231.585786,122.6474740099261
2013-01-03,182.89274166666667,123.67053227431052
1999-09-27,33.59929666666667,114.27036570801937
2020-06-27,240.98125,116.56107501153446
1998-09-10,25.636983333333333,117.2354429899096
2008-02-05,99.689663,122.71358675745496
1998-01-25,151.09221166666666,118.01094790486965
2013-04-07,205.94305133333333,121.04839973045502
2008-03-09,77.23990500000001,120.84339870900371
2019-03-21,262.82217533333335,119.38977311578137
1997-08-30,46.05541333333333,113.49873954552764
2001-09-03,52.44803533333334,119.24006580006919
2020-12-04,115.67666666666666,118.15248043279935
1997-02-12,22.093633333333333,120.47930289898612
2001-07-08,39.44001933333333,118.56547299466179
2011-12-31,53.44069866666666,112.1274993516478
2015-01-17,204.732761,120.82151020220304
2010-08-28,102.245084,114.71369770805069
2003-09-09,73.722403,118.01886937402087
2010-04-15,251.331206,119.52863907053165
2016-02-29,868.654446,118.502674128362
2001-02-25,76.926764,117.68740489652849
2005-11-29,69.79153366666667,113.0847636161117
2018-04-20,116.163385,118.88372108334791
2000-04-30,36.992746333333336,115.59415623577735
2013-07-06,217.092474,119.85280448741118
2015-10-17,885.458772,116.22478843770331
2016-10-29,203.9951576666667,113.86474096126578
2014-08-22,172.97917333333336,116.18738703307919
1999-09-08,40.36788,117.83636034992861
2006-07-30,39.175243,114.43632335637281
2001-07-06,41.18647766666667,119.11684887512529
2011-08-26,81.78967833333333,115.1927002582878
2016-05-27,155.96102066666666,116.83507654032016
2000-10-17,50.882174,115.70595281609675
1998-08-08,17.443985,118.00229689257866
1997-03-25,26.20369,117.47901115995029
2013-04-27,162.43899533333334,117.1457597434231
2014-11-22,162.87641233333332,114.64228663967447
1998-04-20,54.174868333333336,118.17479384755484
2003-04-08,82.59943233333333,120.77447441773442
2002-07-04,37.175783333333335,119.7177662351443
2004-11-17,66.71591633333333,115.31003647752912
2011-10-19,55.38962533333333,115.85385087360189
1995-12-27,19.051791666666663,112.21897075063792
1998-05-20,24.72766,117.39449775479245
2017-01-15,84.86502833333334,121.21527961697554
2017-07-19,87.24203533333333,117.76049917053054
2005-05-24,68.02244866666666,117.1585984429579
1999-09-24,32.29538,114.33687943824667
2012-09-28,256.993603,114.34061322015405
2001-08-05,42.373545666666665,118.66033832224736
2015-11-19,822.4410613333333,115.45793453503428
2002-05-24,32.083547,116.56707074351647
2003-12-03,57.25062533333334,117.56307855144975
2005-06-07,41.46751166666667,120.07965399197991
2003-06-03,55.018946666666665,120.76233434280299
2001-07-09,41.698352666666665,119.05033514489799
2012-05-29,49.55989666666667,116.58605378600058
2008-11-18,114.249377,115.49254550162141
2012-08-26,131.40379966666666,115.10746712282311
2002-04-03,60.830682,121.58665216843357
2018-07-23,104.97634133333332,117.284966764954
2009-05-27,136.47601833333334,116.66781677680467
2017-04-03,110.74268966666666,122.79222067037898
2016-06-25,115.151569,116.71521133256496
2000-04-21,29.844121333333334,117.01237628745827
2012-04-24,91.82887066666666,118.10615429923584
2013-09-13,157.30021366666668,117.43107545648677
2018-03-08,177.407812,121.95169132232155
1995-09-11,15.0515,117.25069225048632
1997-04-13,20.073645000000003,118.83875479314055
2009-12-30,129.20296133333332,112.48697654744149
2006-01-29,68.35237966666666,117.70267526280863
1998-04-11,58.60432666666667,119.43967215315959
1996-10-30,3.95675,112.69725357056807
2002-03-20,61.287114,118.66559661941152
2010-03-16,181.8595833333333,120.10706443319152
2012-10-25,145.78571499999998,114.57025316275987
2002-08-03,46.36611166666666,119.26125568226632
2019-08-10,138.32313033333332,118.90898241304062
2009-02-03,123.94785233333332,123.17972950245385
2011-04-13,82.113557,120.12955643055066
2015-11-17,822.2750613333333,116.13122522527972
2015-07-30,160.45690266666665,115.2803439547944
1996-12-25,7.466666666666666,112.1388625561359
2006-11-20,64.09649866666666,115.09877608684893
1997-05-03,31.08263833333333,120.48148984646456
2011-06-24,61.95236133333333,116.6179354439374
2008-02-01,95.98612133333334,123.116745832805
2004-06-08,60.037768,119.81538197708366
2005-02-20,73.294539,118.94636368621613
2012-08-12,143.231469,117.93365734425953
1998-08-25,23.03581833333333,114.98767813113298
2008-05-05,91.74430166666669,120.76986984480766
2006-10-05,163.94346366666664,118.23326005604982
1995-12-29,25.116791666666668,111.5456800603924
2018-05-24,74.158421,117.70026591523546
2000-07-31,40.15987333333333,114.54677779784699
2008-06-30,62.96265666666668,115.21235472952036
2005-12-16,80.92396799999999,114.79401239966295
2006-07-02,38.316243,120.08870379924574
2017-07-20,68.04210933333333,116.877602885907
2020-11-09,214.26166666666663,118.19297210508907
2014-12-18,162.8103043333333,115.086657117621
2015-09-16,300.77683666666667,117.21981506580657
2005-01-26,75.60887133333334,118.66306981862134
2017-04-10,108.43760533333334,121.37912555966075
2018-09-09,73.95113633333334,118.40293038060729
2013-06-09,129.83385766666666,119.62316454480545
2013-01-22,183.2974113333333,120.10453763240125
2002-01-28,54.701443000000005,118.34167373407533
2018-09-12,94.13515666666667,118.21450184059803
2010-05-14,145.680282,119.08498832289192
1996-06-28,1.25475,114.87443325162178
2010-02-03,127.49713766666667,123.10735617222738
2002-05-06,38.40438033333333,120.73984234544378
2020-10-16,187.0483333333333,116.75152539701249
1996-12-11,11.533333333333331,115.51130371707316
2020-04-29,352.2625,117.46123631205208
2005-12-31,75.917718,111.75309164288572
2002-04-26,45.03901533333334,116.67407614603349
2018-11-28,108.11465466666664,113.96307643351203
2017-02-15,196.37336066666668,121.12171640455192
2020-10-27,264.4420833333333,114.93527121094428
2020-12-24,210.60666666666663,114.24984044576749
2003-06-29,62.17228,114.9617370948166
2011-12-08,44.796046,116.37190962476525
1999-09-21,32.69121333333334,115.34681547361487
2007-01-30,99.35773466666669,118.11516408281841
2001-08-23,43.373545666666665,115.30907421567895
1996-08-28,3.777416666666667,114.12248875621765
2000-05-08,33.975224,120.21129831565126
1997-02-11,28.414591666666663,120.81594824410888
2007-01-04,68.30727633333333,123.09425383544587
2008-02-25,90.595288,118.81094677042303
2019-10-21,327.6870543333334,116.21886892178631
2011-02-25,103.82227166666668,118.4590521647236
2013-07-18,221.7483883333333,117.57799014643827
2014-11-02,167.628004,118.5449266267064
2001-07-22,34.42751933333333,115.73928277322531
1995-09-04,10.1685,118.66378736120456
2014-06-30,125.01936666666668,115.5867624382824
2000-07-19,45.171665,116.69967732903801
2015-12-09,664.4422410000001,117.10066958835826
1996-06-22,2.2335,116.07279782699918
2001-10-17,51.12598,115.63357948587033
2010-04-21,156.12447,118.45218930493617
2020-07-22,167.11083333333332,117.34209083460371
1999-10-11,31.99528666666667,116.98955052693879
1996-09-27,22.625,113.54406339355783
1998-07-30,20.228705,114.2195221133019
1998-01-29,127.58867,117.48587401973768
1999-04-13,24.039043333333336,119.51551562804661
2020-03-19,370.7816666666667,119.85591586078023
2006-09-24,96.961718,114.6260540115441
2007-05-13,67.105824,118.95202077835516
2007-04-07,90.952011,120.8087666367131
2005-09-12,91.541317,117.67283436832045
2006-11-29,75.798457,113.01239028588527
2017-02-05,92.87973366666664,122.72324005527933
2012-04-04,62.78601533333333,122.0087942862677
1996-08-18,5.097625,115.72401240694506
2014-03-31,142.987393,117.46338323584726
2016-05-16,154.439368,119.59475303152925
2007-11-23,62.89138,114.01646672125432
2006-10-11,166.08096366666666,117.15681029045432
2008-03-13,76.36315499999999,120.31832482387173
1996-10-26,4.095125,113.22232745570007
2011-07-13,71.21703,118.5973158423841
2015-09-02,247.328652,120.046005287243
2001-03-29,58.356116333333325,116.65158414867436
2015-03-09,215.742192,121.9669405828982
2010-04-24,170.796423,117.56416807934993
2005-02-10,79.532039,121.24748002252063
2011-07-10,52.14479166666666,118.78574438239333
2005-09-05,97.686442,119.08592947903864
2000-08-27,40.23547466666667,114.15678097519643
2009-02-08,133.289019,121.61841758662212
2005-07-09,71.17840766666667,118.74798201875397
1996-08-14,5.982083333333333,116.94867897765407
2014-07-29,322.3418443333333,115.68936263014359
2021-01-01,152.35166666666666,123.89245845834411
2020-05-25,475.6083333333333,117.4812706602797
2007-02-22,106.21256166666666,118.94983383087677
2008-04-15,97.08499933333331,119.67338573098453
1996-09-28,20.875,113.32933285821706
2020-11-04,201.20416666666668,118.9327765255618
2016-08-24,309.618542,116.17799737250165
1997-06-04,39.301413333333336,120.05128128891818
2000-06-23,44.75716666666667,116.13339204130949
2011-10-23,54.099172,114.6291843028929
2006-01-28,77.86404633333333,118.03932060793136
2002-01-10,34.816443,121.57102303086184
2004-01-23,65.39608266666666,118.9367314940952
2018-08-09,110.932156,119.19608627860792
2009-09-08,134.27575866666666,118.5951478128855
2011-04-26,64.859302,117.64001155423698
2001-03-28,59.435658,116.98822949379708
1998-03-25,89.11239333333333,117.40663782972385
1999-05-16,25.03391,117.84719830969792
2005-12-08,77.54392633333333,115.99750191600315
2001-03-30,56.42861633333334,116.31493880355157
2000-12-02,46.62209966666666,117.29533639189285
2011-03-29,67.32531466666667,117.54514622665137
2020-07-06,146.61249999999998,120.84157174628558
1996-05-07,3.1265,120.02878929155902
2018-05-16,65.776432,119.45000637107638
2011-04-11,104.948019,120.80284712079613
1997-03-14,35.53619,119.29526534601851
2012-10-02,264.6849633333333,119.48282918515991
2004-03-10,73.63791466666666,120.8091064900249
2009-01-24,128.31748100000002,119.03400738272282
1995-09-01,1.7589583333333332,118.73030109143185
2001-05-18,48.067208666666666,117.7158938393384
2005-04-18,58.44920266666667,119.01534430131575
2015-08-29,146.144413,114.82383340191643
2016-06-28,124.364959,116.52678279255574
2007-01-01,56.64060966666667,123.55793893131319
2001-05-31,47.993042,115.22634896302472
2002-07-02,38.59661666666667,120.39105692538972
1995-08-19,1.1018333333333332,115.59451500706895
2002-07-11,39.85495,118.30467112442608
1999-10-10,30.572245,116.50468837670257
2006-06-20,61.64665300000001,117.51773578543975
2019-03-15,232.38832566666665,120.46622288137682
1999-07-20,29.79764,116.023928989661
2011-04-30,65.23994166666667,116.41534498352794
2019-07-22,129.94328399999998,117.54923877985026
2007-10-03,91.04335366666668,118.83417741606883
2017-08-26,114.76938166666667,115.55424816181166
1998-04-02,73.05761833333334,121.40414314434139
2000-12-06,64.304308,116.7702625067609
2005-12-25,77.133968,112.28329046898041
2014-12-11,177.19208333333333,116.49975222833923
2016-04-16,171.893175,119.55354162893276
2001-09-17,41.37486866666666,116.41387557863274
2017-12-06,78.35132533333334,117.83108434825343
2002-10-05,54.51132033333334,117.83602049661675
2007-03-15,101.817255,119.85218207887284
2010-02-15,232.1567083333333,120.95445664103636
2001-07-02,38.260852666666665,119.91717931611537
2001-02-26,88.18947233333334,118.17226704676469
2008-06-22,55.80807333333333,116.68683862950321
2012-02-15,79.25323933333334,120.80970998058349
1999-06-17,27.200420000000005,117.41698975215158
2016-09-24,103.17897666666666,115.38484147450103
2012-10-21,186.0977283333333,115.09532704789174
2011-07-24,47.68340933333334,115.9595541609569
2004-09-10,49.722145000000005,117.47507608365149
2019-03-30,211.8114163333333,117.42530212459958
2000-07-26,31.252081666666665,115.28658221831981
2012-04-20,62.20462799999999,118.50931337458583
2016-08-23,275.7891696666667,116.51464271762433
1997-08-06,46.29358,118.62604610326856
2017-09-09,124.23456433333332,118.47530371083376
2011-11-16,83.23480666666667,115.94871620118754
2013-11-15,163.415288,116.00584027083715
2008-01-07,97.00739400000002,122.40911583549124
1998-10-23,24.824736666666663,113.96560202083336
2020-08-18,166.09833333333333,117.77360150731207
2010-03-20,192.09713166666663,118.88239786248252
2004-06-22,48.019643,116.98919175564716
2000-06-03,34.153416666666665,120.15794683812338
2006-06-04,47.05344466666667,120.1957092017627
2001-05-07,51.410167,120.47557033054753
2019-02-15,326.39241,120.97696974409897
1997-02-27,20.461675,117.31646733242698
1995-09-17,5.4210416666666665,115.35273498953191
2004-10-15,68.22895666666666,115.95497557041627
1997-01-05,15.35827,121.985961222128
2011-09-05,100.08095,119.46033718780076
1998-03-02,95.98406,122.31921385212391
1996-03-02,7.784583333333334,121.64245301721783
2020-05-15,443.6325,119.50713044072606
2009-01-04,144.82831433333334,122.93664736975471
2002-04-19,51.611932,118.08717125675165
1997-12-25,85.47775,112.06648922590948
2000-11-10,44.35211999999999,116.20397721903241
2019-12-15,347.50576100000006,115.72186669661872
1998-07-09,19.718163333333333,118.4588074454566
2015-02-01,166.52043266666666,123.40592040610237
1997-03-11,37.15964833333333,120.30520138138671
2005-04-05,74.49086933333332,121.50488917762951
2014-10-08,261.5966143333333,118.26163275911158
2007-03-11,104.08521333333334,120.37725596400477
1996-01-09,30.70833333333333,121.66803528224263
2015-06-07,184.78712633333336,120.15170857459795
2021-01-07,175.62041666666667,123.36225963224949
2001-04-26,76.97767366666666,116.74644947625998
2005-06-15,59.84251166666667,118.32991353613892
2008-05-17,111.50376,118.34171375775855
1998-08-26,23.50127666666667,114.65103278601022
2002-05-25,32.91713033333333,116.35234020817568
2018-09-07,73.43868433333334,118.9543062610708
2020-12-14,171.78833333333333,116.6728715918538
1997-10-14,165.01698666666667,116.12436115202351
2012-08-19,120.98565566666667,116.5205622335413
2006-08-14,69.325405,117.84224105563106
2014-11-23,163.475022,114.30564129455173
2016-01-15,693.8068243333333,121.30051275244016
2008-11-17,98.669002,115.28293990724328
2012-07-08,55.51215866666666,119.25188712739221
2019-06-27,125.46709400000002,116.64630814699913
2014-04-05,241.398506,121.64931709047404
2013-03-09,174.7743,121.29017974799217
2018-05-18,69.29706866666668,118.77671568083092
1999-01-05,26.46745,122.66272205703405
2009-02-26,118.885394,118.26715348005374
2002-01-07,34.50277633333334,122.03470812672917
1999-05-30,24.74224333333333,115.0210080882615
2000-03-27,38.526958666666665,117.39724816914622
2012-10-23,160.06393699999998,115.24354385300524
1995-12-24,23.20745833333333,112.40739929064713
2014-12-26,140.77445633333332,113.33691666178008
2008-07-31,79.27382766666666,114.64166423113609
2012-12-10,181.76579433333333,116.98114423391479
2001-08-12,35.531879,117.24724321152911
2008-07-24,94.682911,116.05475934185434
2010-04-25,176.97989333333337,117.22752273422721
2013-02-02,218.212563,123.21402172143253
1997-04-20,20.08102,117.42565968242234
2003-07-11,72.45567733333333,118.23229779419961
2016-07-24,135.569081,116.27156058492527
2002-09-06,44.282130333333335,118.15775643447454
2008-06-03,95.17515666666668,121.07434076677139
1997-03-21,20.276731666666667,117.8821702353003
2018-11-18,101.098398,115.56460008423946
2009-03-12,127.685762,120.58259683876801
2010-03-02,186.9759373333333,122.93325465462796
2020-04-16,250.64,119.95078118836581
1997-04-01,32.266061666666666,121.81316181969054
2003-03-23,78.23269333333333,117.70520206359883
2014-08-15,182.58052966666665,117.60048214379741
1997-06-18,34.576413333333335,117.22509106748173
1996-07-16,1.7857916666666664,117.19045899519122
2009-05-24,128.68976833333332,116.85624531681388
2001-08-28,37.742129,114.56926979520621
2003-10-16,53.692322,115.82547817054017
2000-06-25,35.94229166666667,115.58201616084601
2011-03-07,89.38907866666666,122.12107690392874
