,ano,mes,dia,tipo_dia,festivo,fin_semana,y
8962,2020,2,1,5,0,0,404.3233333333333
7256,2015,6,1,0,0,1,195.071138
8538,2018,12,4,1,0,1,101.11946633333334
6958,2014,8,7,3,1,1,257.703955
7330,2015,8,14,4,0,1,215.4580126666667
2922,2003,7,20,6,1,0,71.92701066666667
1525,1999,9,22,2,0,1,32.29538
3244,2004,6,6,6,0,0,52.17797633333333
7720,2016,9,7,2,0,1,269.82027166666666
2353,2001,12,28,4,0,1,30.305869
6980,2014,8,29,4,0,1,178.06031233333331
2568,2002,7,31,2,0,1,46.69215833333334
9276,2020,12,11,4,0,1,146.04166666666666
1334,1999,3,15,0,0,1,20.644905
6020,2012,1,12,3,0,1,55.653199666666666
5734,2011,4,1,4,0,1,85.13073133333334
8231,2018,1,31,2,0,1,121.91969866666666
6291,2012,10,9,1,0,1,192.520942
3511,2005,2,28,0,0,1,71.97370566666667
4674,2008,5,6,1,0,1,117.706385
8647,2019,3,23,5,0,0,204.555828
7203,2015,4,9,3,0,1,188.15099333333333
2893,2003,6,21,5,0,0,64.74853
1252,1998,12,23,2,0,1,21.51065
4430,2007,9,5,2,0,1,74.55109666666667
1381,1999,5,1,5,1,0,21.576285
2856,2003,5,15,3,0,1,74.041277
3207,2004,4,30,4,0,1,68.313838
5966,2011,11,19,5,0,0,65.71209599999999
7942,2017,4,17,0,0,1,92.13608333333332
2558,2002,7,21,6,0,0,44.01103333333333
8784,2019,8,7,2,1,1,150.4256773333333
7006,2014,9,24,2,0,1,142.14581433333333
319,1996,6,3,0,0,1,1.8479166666666669
5014,2009,4,11,5,0,0,75.207555
4119,2006,10,29,6,0,0,92.13075533333334
3790,2005,12,4,6,0,0,74.410093
5660,2011,1,17,0,0,1,89.77492766666667
5365,2010,3,28,6,0,0,181.26958666666667
6892,2014,6,2,0,1,1,371.1812396666666
989,1998,4,4,5,0,0,70.39045166666666
4450,2007,9,25,1,0,1,73.69713833333333
7387,2015,10,10,5,0,0,966.802428
6524,2013,5,30,3,0,1,87.01967833333333
7945,2017,4,20,3,0,1,112.687545
4282,2007,4,10,1,0,1,92.784511
4504,2007,11,18,6,0,0,57.53679666666667
6335,2012,11,22,3,0,1,140.606609
5750,2011,4,17,6,0,0,37.493924
1980,2000,12,20,2,0,1,55.67959966666666
3675,2005,8,11,3,0,1,97.11470066666668
7201,2015,4,7,1,0,1,182.08917800000003
7444,2015,12,6,6,0,0,737.9605846666667
4719,2008,6,20,4,0,1,72.784115
1039,1998,5,24,6,0,0,23.313076666666664
6814,2014,3,16,6,0,0,128.24755966666666
9307,2021,1,11,0,1,1,158.79
6575,2013,7,20,5,1,0,185.6148843333333
494,1996,11,25,0,0,1,34.291666666666664
8595,2019,1,30,2,0,1,298.449502
4544,2007,12,28,4,0,1,73.23997933333332
9272,2020,12,7,0,0,1,135.83666666666667
5074,2009,6,10,2,0,1,124.14293933333336
8746,2019,6,30,6,0,0,117.016356
2327,2001,12,2,6,0,0,33.07703566666667
917,1998,1,22,3,0,1,151.70112833333334
5034,2009,5,1,4,1,1,96.93964333333334
4527,2007,12,11,1,0,1,94.50585433333332
8700,2019,5,15,2,0,1,149.56783399999998
3342,2004,9,12,6,0,0,49.25077
408,1996,8,31,5,0,0,1.9973333333333327
8098,2017,9,20,2,0,1,112.92267599999998
7698,2016,8,16,1,0,1,258.15455233333336
2136,2001,5,25,4,0,1,41.80137533333333
1232,1998,12,3,3,0,1,28.06535833333333
9006,2020,3,16,0,0,1,316.5466666666667
1280,1999,1,20,2,0,1,26.76745
3665,2005,8,1,0,0,1,71.97599233333334
8932,2020,1,2,3,0,1,254.39916666666667
7143,2015,2,8,6,0,0,164.06618433333333
3729,2005,10,4,1,0,1,58.55983166666667
954,1998,2,28,5,0,0,97.51917666666668
3582,2005,5,10,1,0,1,74.14915699999999
3852,2006,2,4,5,0,0,64.07000833333332
2210,2001,8,7,1,1,1,38.206879
8255,2018,2,24,5,0,0,139.341144
1904,2000,10,5,3,0,1,55.156257333333336
835,1997,11,1,5,0,0,138.48145
9245,2020,11,10,1,0,1,219.4745833333333
3219,2004,5,12,2,0,1,78.75152266666667
8451,2018,9,8,5,0,0,71.27926866666667
3317,2004,8,18,2,0,1,50.58068466666666
4794,2008,9,3,2,0,1,57.539365333333336
4401,2007,8,7,1,1,1,112.25184733333332
5125,2009,7,31,4,0,1,131.58298366666668
6273,2012,9,21,4,0,1,218.482242
1399,1999,5,19,2,0,1,25.55474333333333
2189,2001,7,17,1,0,1,36.81147766666667
5256,2009,12,9,2,0,1,234.7898363333333
3254,2004,6,16,2,0,1,50.22155966666667
8915,2019,12,16,0,0,1,355.1795153333333
8309,2018,4,19,3,0,1,127.012295
470,1996,11,1,4,0,1,1.968
2821,2003,4,10,3,0,1,86.47859899999999
3471,2005,1,19,2,0,1,78.605913
5637,2010,12,25,5,1,0,64.82245533333334
68,1995,9,26,1,0,1,11.8685
2945,2003,8,12,1,0,1,64.78967666666667
7450,2015,12,12,5,0,0,613.250651
5874,2011,8,19,4,0,1,65.79334366666667
2126,2001,5,15,1,0,1,51.873042
7461,2015,12,23,2,0,1,717.6806413333334
2381,2002,1,25,4,0,1,50.378943
1776,2000,5,30,1,0,1,32.321099
2277,2001,10,13,5,0,0,49.32802166666667
1293,1999,2,2,1,0,1,26.06469333333333
8392,2018,7,11,2,0,1,88.79535966666667
4289,2007,4,17,1,0,1,95.13034433333333
4926,2009,1,13,1,0,1,129.11081433333334
6328,2012,11,15,3,0,1,181.64480233333333
6192,2012,7,2,0,1,1,77.88952366666668
7487,2016,1,18,0,0,1,680.0212263333334
1778,2000,6,1,3,0,1,37.97391666666667
9399,2021,4,13,1,0,1,154.6475
5278,2009,12,31,3,0,1,138.01422533333334
6128,2012,4,29,6,0,0,40.835182333333336
1797,2000,6,20,1,0,1,41.28225
2290,2001,10,26,4,0,1,42.805688333333336
914,1998,1,19,0,0,1,122.90942
39,1995,8,28,0,0,1,1.4641666666666666
5128,2009,8,3,0,0,1,128.88997366666666
5482,2010,7,23,4,0,1,73.81620366666668
4914,2009,1,1,3,1,1,161.92481433333333
6858,2014,4,29,1,0,1,457.487136
8257,2018,2,26,0,0,1,150.60755033333334
6820,2014,3,22,5,0,0,170.32902433333334
6782,2014,2,12,2,0,1,189.26796266666668
1970,2000,12,10,6,0,0,40.97126633333333
1439,1999,6,28,0,0,1,28.02358666666667
6933,2014,7,13,6,0,0,152.39014333333333
7860,2017,1,25,2,0,1,130.41198
5764,2011,5,1,6,1,0,49.33937733333334
4246,2007,3,5,0,0,1,98.27263
3586,2005,5,14,5,0,0,69.20224033333334
6865,2014,5,6,1,0,1,431.2542553333333
1000,1998,4,15,2,0,1,63.56020166666667
4585,2008,2,7,3,0,1,108.14370466666666
7670,2016,7,19,1,0,1,131.91648633333332
8679,2019,4,24,2,0,1,138.421234
2898,2003,6,26,3,0,1,63.48603
1269,1999,1,9,5,0,0,27.59245
3592,2005,5,20,4,0,1,64.09390699999999
4826,2008,10,5,6,0,0,69.02146733333333
1192,1998,10,24,5,0,0,26.070986666666663
696,1997,6,15,6,0,0,26.63958
6285,2012,10,3,2,0,1,256.395515
3605,2005,6,2,3,0,1,66.83876166666667
7058,2014,11,15,5,0,0,157.14407833333334
7932,2017,4,7,4,0,1,108.83875133333332
6601,2013,8,15,3,0,1,134.77656266666668
3424,2004,12,3,4,0,1,65.04790566666667
7157,2015,2,22,6,0,0,174.707865
3995,2006,6,27,1,0,1,63.13394466666667
3841,2006,1,24,1,0,1,78.275713
1446,1999,7,5,0,1,1,26.46430666666667
7719,2016,9,6,1,0,1,246.367998
7834,2016,12,30,4,0,1,97.34092433333336
274,1996,4,19,4,0,1,4.927083333333333
606,1997,3,17,0,0,1,29.41752333333333
7816,2016,12,12,0,0,1,93.31691233333332
675,1997,5,25,6,0,0,35.56701333333333
2369,2002,1,13,6,0,0,37.47477633333333
8930,2019,12,31,1,0,1,274.955101
5524,2010,9,3,4,0,1,102.267933
5232,2009,11,15,6,0,0,143.9244196666667
5154,2009,8,29,5,0,0,140.76739033333334
9122,2020,7,10,4,0,1,151.27916666666667
3484,2005,2,1,1,0,1,85.11537233333333
8581,2019,1,16,2,0,1,220.2062873333333
1884,2000,9,15,4,0,1,68.94436
7618,2016,5,28,5,0,0,151.1749593333333
8865,2019,10,27,6,0,0,169.06661
5906,2011,9,20,1,0,1,99.39656066666667
6159,2012,5,30,2,0,1,48.11395533333334
9290,2020,12,25,4,1,1,182.4141666666667
873,1997,12,9,1,0,1,127.396125
2546,2002,7,9,1,0,1,38.796616666666665
8350,2018,5,30,2,0,1,69.388861
1165,1998,9,27,6,0,0,22.2234
5771,2011,5,8,6,0,0,40.57792366666666
9093,2020,6,11,3,0,1,400.8404166666666
228,1996,3,4,0,0,1,5.6883333333333335
7716,2016,9,3,5,0,0,174.82009533333334
8155,2017,11,16,3,0,1,156.572584
1405,1999,5,25,1,0,1,26.36041
1976,2000,12,16,5,0,0,53.38759966666667
7924,2017,3,30,3,0,1,75.14759333333333
8540,2018,12,6,3,0,1,107.97421033333336
3305,2004,8,6,4,0,1,60.951518
5948,2011,11,1,1,0,1,63.32564366666667
3913,2006,4,6,3,0,1,63.792214
8156,2017,11,17,4,0,1,151.76646133333333
1703,2000,3,18,5,0,0,37.706667
9135,2020,7,23,3,0,1,173.05583333333334
3217,2004,5,10,0,0,1,77.151731
5293,2010,1,15,4,0,1,168.11080866666666
6921,2014,7,1,1,0,1,188.577889
1629,2000,1,4,1,0,1,41.68895466666667
7393,2015,10,16,4,0,1,1004.3700276666668
5360,2010,3,23,1,0,1,167.049968
6763,2014,1,24,4,0,1,159.73000033333332
5673,2011,1,30,6,0,0,106.277955
6482,2013,4,18,3,0,1,391.2218306666667
5519,2010,8,29,6,0,0,93.85258066666664
9397,2021,4,11,6,0,0,135.39
7144,2015,2,9,0,0,1,151.388336
3477,2005,1,25,1,0,1,73.41320466666667
5564,2010,10,13,2,0,1,140.687005
4710,2008,6,11,2,0,1,81.89982333333334
189,1996,1,25,3,0,1,15.919791666666669
5411,2010,5,13,3,0,1,151.20595966666667
4125,2006,11,4,5,0,0,87.858332
7743,2016,9,30,4,0,1,197.2076473333333
3912,2006,4,5,2,0,1,70.07304733333334
5007,2009,4,4,5,0,0,79.54047166666668
3881,2006,3,5,6,0,0,91.11078633333334
5143,2009,8,18,1,0,1,118.295023
8210,2018,1,10,2,0,1,134.31906766666663
2195,2001,7,23,0,0,1,37.593186
3166,2004,3,20,5,0,0,72.119998
9313,2021,1,17,6,0,0,158.27833333333334
9020,2020,3,30,0,0,1,227.40166666666667
6260,2012,9,8,5,0,0,157.13419433333334
2612,2002,9,13,4,0,1,50.08650533333334
5831,2011,7,7,3,0,1,47.423835
5969,2011,11,22,1,0,1,68.98466966666666
5373,2010,4,5,0,0,1,195.8643793333333
2053,2001,3,3,5,0,0,79.97894966666667
6265,2012,9,13,3,0,1,163.79215166666663
6,1995,7,26,2,0,1,1.108625
6438,2013,3,5,1,0,1,209.417874
5737,2011,4,4,0,0,1,90.80401033333334
6990,2014,9,8,0,0,1,182.4861703333333
2170,2001,6,28,3,0,1,44.93865300000001
6586,2013,7,31,2,0,1,218.90672633333327
5892,2011,9,6,1,0,1,96.8847
1278,1999,1,18,0,0,1,29.932033333333333
1640,2000,1,15,5,0,0,33.034788
6011,2012,1,3,1,0,1,58.60061566666667
4973,2009,3,1,6,0,0,119.85030366666666
8330,2018,5,10,3,0,1,74.602801
2416,2002,3,1,4,0,1,51.070489
1944,2000,11,14,1,0,1,47.72878666666667
3934,2006,4,27,3,0,1,61.519672333333325
533,1997,1,3,4,0,1,21.348311666666664
1597,1999,12,3,4,0,1,30.301620000000003
399,1996,8,22,3,0,1,3.875
5039,2009,5,6,2,0,1,110.90231
1538,1999,10,5,1,0,1,34.229245
2225,2001,8,22,2,0,1,44.506254000000006
1403,1999,5,23,6,0,0,23.59641
7796,2016,11,22,1,0,1,139.33007033333334
6384,2013,1,10,3,0,1,181.61804866666668
4834,2008,10,13,0,1,1,57.97146733333333
626,1997,4,6,6,0,0,28.344228333333334
3662,2005,7,29,4,0,1,72.91903266666667
6302,2012,10,20,5,0,0,180.7264563333333
4479,2007,10,24,2,0,1,66.33527033333333
1715,2000,3,30,3,0,1,35.367417
1866,2000,8,28,0,0,1,51.81889133333333
7572,2016,4,12,1,0,1,329.743499
3941,2006,5,4,3,0,1,63.508623
8020,2017,7,4,1,0,1,66.11115466666666
5574,2010,10,23,5,0,0,129.13947933333333
3475,2005,1,23,6,0,0,79.51724633333335
2117,2001,5,6,6,0,0,46.35970866666667
2318,2001,11,23,4,0,1,37.473378
137,1995,12,4,0,0,1,134.96995833333332
233,1996,3,9,5,0,0,3.965
8895,2019,11,26,1,0,1,209.876795
9032,2020,4,11,5,0,0,245.36666666666667
1605,1999,12,11,5,0,0,30.844203333333336
5230,2009,11,13,4,0,1,140.66850300000002
3875,2006,2,27,0,0,1,91.205925
3213,2004,5,6,3,0,1,72.93943933333334
3937,2006,4,30,6,0,0,56.45704733333333
7389,2015,10,12,0,1,1,1022.166131
17,1995,8,6,6,0,0,2.387583333333333
5915,2011,9,29,3,0,1,82.02101833333333
7774,2016,10,31,0,0,1,157.03383666666667
5446,2010,6,17,3,0,1,81.35011833333333
1174,1998,10,6,1,0,1,21.239736666666666
4933,2009,1,20,1,0,1,120.944981
2665,2002,11,5,1,0,1,51.238029
8720,2019,6,4,1,0,1,124.79062799999998
983,1998,3,29,6,0,0,83.90331
3623,2005,6,20,0,0,1,58.055011666666665
6900,2014,6,10,1,0,1,364.51335166666667
2971,2003,9,7,6,0,0,61.05811133333333
2836,2003,4,25,4,0,1,73.637349
3655,2005,7,22,4,0,1,72.96969933333334
9123,2020,7,11,5,0,0,132.59916666666666
4877,2008,11,25,1,0,1,78.33379366666666
607,1997,3,18,1,0,1,26.601981666666664
1384,1999,5,4,1,0,1,28.69099333333334
1247,1998,12,18,4,0,1,21.758316666666666
830,1997,10,27,0,0,1,133.9044033333333
8169,2017,11,30,3,0,1,88.59577
7722,2016,9,9,4,0,1,203.26613066666667
2970,2003,9,6,5,0,0,62.77006966666666
8798,2019,8,21,2,0,1,116.741092
60,1995,9,18,0,0,1,8.454916666666668
230,1996,3,6,2,0,1,6.425541666666667
25,1995,8,14,0,0,1,33.19025
7979,2017,5,24,2,0,1,64.043307
4613,2008,3,6,3,0,1,94.04607166666666
780,1997,9,7,6,0,0,91.13344166666668
7094,2014,12,21,6,0,0,181.9196553333333
3147,2004,3,1,0,0,1,81.35178966666666
7814,2016,12,10,5,0,0,72.492575
4967,2009,2,23,0,0,1,103.44443566666666
8294,2018,4,4,2,0,1,138.79035100000002
6410,2013,2,5,1,0,1,214.5861453333333
2577,2002,8,9,4,0,1,45.89977833333333
1170,1998,10,2,4,0,1,23.178486666666668
1057,1998,6,11,3,0,1,19.74682333333333
4744,2008,7,15,1,0,1,51.288411
4534,2007,12,18,1,0,1,101.721896
890,1997,12,26,4,0,1,113.5565
2601,2002,9,2,0,0,1,45.377963666666666
463,1996,10,25,4,0,1,3.9807083333333337
3540,2005,3,29,1,0,1,71.18196333333333
168,1996,1,4,3,0,1,23.575
4728,2008,6,29,6,0,0,46.03765666666666
3465,2005,1,13,3,0,1,85.95057966666667
4165,2006,12,14,3,0,1,61.22413666666667
3211,2004,5,4,1,0,1,71.42806433333334
7493,2016,1,24,6,0,0,557.247779
8176,2017,12,7,3,0,1,81.15309166666667
8512,2018,11,8,3,0,1,91.19883166666666
2414,2002,2,27,2,0,1,59.69105
4209,2007,1,27,5,0,0,100.95310966666666
5583,2010,11,1,0,1,1,122.63315166666666
4649,2008,4,11,4,0,1,96.50220766666666
8766,2019,7,20,5,1,0,112.69387033333334
1580,1999,11,16,1,0,1,32.33595666666667
2887,2003,6,15,6,0,0,71.08103
2955,2003,8,22,4,0,1,68.16301
1097,1998,7,21,1,0,1,18.415496666666662
8552,2018,12,18,1,0,1,201.59541633333333
158,1995,12,25,0,1,1,13.261625
3146,2004,2,29,6,0,0,64.07699966666667
701,1997,6,20,4,0,1,28.97683
8810,2019,9,2,0,0,1,204.05924066666668
3153,2004,3,7,6,0,0,75.789998
1270,1999,1,10,6,0,0,25.071616666666667
7200,2015,4,6,0,0,1,183.115959
5098,2009,7,4,5,0,0,116.594692
1702,2000,3,17,4,0,1,38.16500033333333
4492,2007,11,6,1,0,1,65.90154666666666
3052,2003,11,27,3,0,1,63.979826333333335
6647,2013,9,30,0,0,1,148.29730266666667
2915,2003,7,13,6,0,0,71.85192733333334
4089,2006,9,29,4,0,1,134.24230133333336
3906,2006,3,30,3,0,1,54.73578633333333
3134,2004,2,17,1,0,1,73.50679133333334
1315,1999,2,24,2,0,1,23.73186
7825,2016,12,21,2,0,1,138.88354133333334
2340,2001,12,15,5,0,0,39.97570233333334
5899,2011,9,13,1,0,1,106.15667566666669
2775,2003,2,23,6,0,0,70.25552133333333
313,1996,5,28,1,0,1,1.8572916666666668
6357,2012,12,14,4,0,1,195.55332566666667
5186,2009,9,30,2,0,1,269.796592
1394,1999,5,14,4,0,1,24.84641
2834,2003,4,23,2,0,1,77.747974
5398,2010,4,30,4,0,1,164.4290146666667
8886,2019,11,17,6,0,0,171.843651
8206,2018,1,6,5,0,0,136.32859566666667
8770,2019,7,24,2,0,1,119.48394166666668
5279,2010,1,1,4,1,1,120.50122533333332
6637,2013,9,20,4,0,1,135.88042900000002
9375,2021,3,20,5,0,0,131.77833333333334
5707,2011,3,5,5,0,0,80.929791
5883,2011,8,28,6,0,0,74.34025833333332
8762,2019,7,16,1,0,1,130.53585566666666
5926,2011,10,10,0,0,1,85.96917766666667
3636,2005,7,3,6,0,0,60.10757433333333
2738,2003,1,17,4,0,1,69.41681766666666
2718,2002,12,28,5,0,0,60.96732433333333
4217,2007,2,4,6,0,0,102.70522833333332
8204,2018,1,4,3,0,1,144.26584333333332
6857,2014,4,28,0,0,1,445.9988026666667
3876,2006,2,28,1,0,1,88.830925
2031,2001,2,9,4,0,1,83.76447233333333
1117,1998,8,10,0,0,1,20.19744333333333
2013,2001,1,22,0,0,1,83.17342233333333
5701,2011,2,27,6,0,0,97.71170566666666
1426,1999,6,15,1,0,1,26.88433666666667
3892,2006,3,16,3,0,1,65.67353633333333
1168,1998,9,30,2,0,1,26.60744166666667
6675,2013,10,28,0,0,1,291.92151033333334
4189,2007,1,7,6,0,0,83.99227633333334
1231,1998,12,2,2,0,1,30.883233333333333
7191,2015,3,28,5,0,0,210.83494566666664
1812,2000,7,5,2,0,1,41.346665
8168,2017,11,29,2,0,1,88.01087633333333
5745,2011,4,12,1,0,1,97.46289933333334
8618,2019,2,22,4,0,1,376.925401
5329,2010,2,20,5,0,0,276.9737456666667
5176,2009,9,20,6,0,0,182.5049253333333
3279,2004,7,11,6,0,0,45.839299
8920,2019,12,21,5,0,0,337.263526
5237,2009,11,20,4,0,1,155.445253
3620,2005,6,17,4,0,1,58.65501166666667
3176,2004,3,30,1,0,1,69.97349799999999
8956,2020,1,26,6,0,0,369.02
4459,2007,10,4,3,0,1,96.26835366666668
6748,2014,1,9,3,0,1,161.12289033333334
2094,2001,4,13,4,1,1,54.53184033333333
1365,1999,4,15,3,0,1,23.24296
4496,2007,11,10,5,0,0,49.26471333333333
7777,2016,11,3,3,0,1,183.47662166666663
4806,2008,9,15,0,0,1,94.29282366666666
6034,2012,1,26,3,0,1,59.34800333333334
2432,2002,3,17,6,0,0,59.199364
5531,2010,9,10,4,0,1,93.464463
4116,2006,10,26,3,0,1,101.57846366666666
7371,2015,9,24,3,0,1,804.0080136666667
178,1996,1,14,6,0,0,26.48333333333333
1486,1999,8,14,5,0,0,30.576466666666665
1880,2000,9,11,0,0,1,54.15302666666667
3327,2004,8,28,5,0,0,50.801518
8879,2019,11,10,6,0,0,291.49677966666667
4630,2008,3,23,6,0,0,60.19773833333334
8349,2018,5,29,1,0,1,69.12417166666667
5352,2010,3,15,0,0,1,164.84562466666668
6477,2013,4,13,5,0,0,259.43022433333334
7539,2016,3,10,3,0,1,884.365687
8817,2019,9,9,0,0,1,214.8140803333333
4935,2009,1,22,3,0,1,120.14081433333332
1336,1999,3,17,2,0,1,21.795613333333336
2415,2002,2,28,3,0,1,88.54238333333332
6869,2014,5,10,5,0,0,453.92906266666665
5041,2009,5,8,4,0,1,99.89735166666668
6149,2012,5,20,6,0,0,39.024098333333335
8541,2018,12,7,4,0,1,115.63936133333334
5104,2009,7,10,4,0,1,84.81719199999999
2919,2003,7,17,3,0,1,72.10151066666667
7525,2016,2,25,3,0,1,868.2509086666668
8240,2018,2,9,4,0,1,133.96944066666666
8029,2017,7,13,3,0,1,71.084041
5046,2009,5,13,2,0,1,101.75226833333332
6264,2012,9,12,2,0,1,159.86640300000002
1698,2000,3,13,0,0,1,36.144167
5322,2010,2,13,5,0,0,175.26501500000003
3439,2004,12,18,5,0,0,63.181239
2216,2001,8,13,0,0,1,37.71521233333333
31,1995,8,20,6,0,0,2.068041666666667
50,1995,9,8,4,0,1,15.391666666666666
5201,2009,10,15,3,0,1,161.55700299999998
4845,2008,10,24,4,0,1,104.651884
5940,2011,10,24,0,0,1,73.04426866666667
5037,2009,5,4,0,0,1,110.64022666666666
6922,2014,7,2,2,0,1,151.72786033333333
3262,2004,6,24,3,0,1,48.632143000000006
973,1998,3,19,3,0,1,91.941685
8431,2018,8,19,6,0,0,77.01487066666667
976,1998,3,22,6,0,0,94.46706
2727,2003,1,6,0,1,1,63.97098433333333
5561,2010,10,10,6,0,0,120.36484666666666
8547,2018,12,13,3,0,1,190.83868
2745,2003,1,24,4,0,1,73.34110933333334
6856,2014,4,27,6,0,0,459.41724099999993
7382,2015,10,5,0,0,1,1803.799301
4868,2008,11,16,6,0,0,94.57746033333336
3608,2005,6,5,6,0,0,52.09251166666667
6324,2012,11,11,6,0,0,168.21447766666668
1364,1999,4,14,2,0,1,24.11191833333333
2372,2002,1,16,2,0,1,40.899776333333335
2516,2002,6,9,6,0,0,31.877158
6722,2013,12,14,5,0,0,173.03156233333334
7323,2015,8,7,4,1,1,179.963653
4969,2009,2,25,2,0,1,129.30168566666666
4904,2008,12,22,0,0,1,139.930175
1379,1999,4,29,3,0,1,21.47341833333333
6520,2013,5,26,6,0,0,54.544143
2736,2003,1,15,2,0,1,67.53410933333333
3085,2003,12,30,1,0,1,54.83979200000001
3145,2004,2,28,5,0,0,72.688458
4393,2007,7,30,0,0,1,88.85018166666667
5358,2010,3,21,6,0,0,160.59444133333332
4525,2007,12,9,6,0,0,87.62577099999999
1494,1999,8,22,6,0,0,30.4098
7299,2015,7,14,1,0,1,224.5989803333333
6165,2012,6,5,1,0,1,51.10554199999999
2134,2001,5,23,2,0,1,47.77637533333333
908,1998,1,13,1,0,1,124.823795
2697,2002,12,7,5,0,0,67.57232433333333
7958,2017,5,3,2,0,1,90.48610466666668
2443,2002,3,28,3,1,1,36.72382233333333
318,1996,6,2,6,0,0,1.261875
935,1998,2,9,0,0,1,179.044135
3237,2004,5,30,6,0,0,52.593606
401,1996,8,24,5,0,0,5.15
1229,1998,11,30,0,0,1,25.428206666666668
245,1996,3,21,3,0,1,1.9166666666666667
527,1996,12,28,5,0,0,36.011583333333334
5261,2009,12,14,0,0,1,257.72341966666664
1063,1998,6,17,2,0,1,20.315573333333333
1932,2000,11,2,3,0,1,48.12295333333333
592,1997,3,3,0,0,1,24.44627333333333
5331,2010,2,22,0,0,1,305.1457076666666
7401,2015,10,24,5,0,0,794.9506943333332
7664,2016,7,13,2,0,1,126.49047266666668
2228,2001,8,25,5,0,0,36.906879
8907,2019,12,8,6,1,0,266.7238536666667
9158,2020,8,15,5,0,0,154.30666666666664
1299,1999,2,8,0,0,1,25.202610000000004
5860,2011,8,5,4,0,1,72.02075366666666
5323,2010,2,14,6,0,0,173.58301500000002
3238,2004,5,31,0,0,1,60.16027266666666
1626,2000,1,1,5,1,0,32.868121333333335
773,1997,8,31,6,0,0,38.149746666666665
5433,2010,6,4,4,0,1,78.75993566666666
4041,2006,8,12,5,0,0,65.84261333333333
5025,2009,4,22,2,0,1,97.12968
8765,2019,7,19,4,0,1,115.723058
6780,2014,2,10,0,0,1,190.7805163333333
1207,1998,11,8,6,0,0,24.539873333333333
1558,1999,10,25,0,0,1,32.77253666666667
1636,2000,1,11,1,0,1,33.993121333333335
7768,2016,10,25,1,0,1,227.891745
5905,2011,9,19,0,0,1,92.28426533333334
4983,2009,3,11,2,0,1,110.35955366666668
2014,2001,1,23,1,0,1,87.065089
6374,2012,12,31,0,0,1,158.945351
5753,2011,4,20,2,0,1,54.20917933333333
7861,2017,1,26,3,0,1,144.22684166666667
5092,2009,6,28,6,0,0,124.52502266666666
1129,1998,8,22,5,0,0,21.350401666666667
1889,2000,9,20,2,0,1,72.05136
2067,2001,3,17,5,0,0,75.401033
2394,2002,2,7,3,0,1,53.08305000000001
7844,2017,1,9,0,1,1,122.175195
6952,2014,8,1,4,0,1,364.3250023333333
6229,2012,8,8,2,0,1,131.78482266666666
6344,2012,12,1,5,0,0,166.887729
2689,2002,11,29,4,0,1,56.21023733333334
8943,2020,1,13,0,0,1,356.5091666666667
4213,2007,1,31,2,0,1,93.18227633333332
1641,2000,1,16,6,0,0,32.284788
855,1997,11,21,4,0,1,145.77886666666666
9267,2020,12,2,2,0,1,120.80916666666668
8997,2020,3,7,5,0,0,361.4008333333333
2358,2002,1,2,2,0,1,29.59665133333333
8623,2019,2,27,2,0,1,338.38551466666667
7271,2015,6,16,1,0,1,213.0755083333333
5910,2011,9,24,5,0,0,95.152907
2844,2003,5,3,5,0,0,79.32906866666666
3634,2005,7,1,4,0,1,60.480491
6781,2014,2,11,1,0,1,212.91474066666663
7914,2017,3,20,0,1,1,115.071209
9301,2021,1,5,1,0,1,171.19999999999996
7804,2016,11,30,2,0,1,179.2914843333333
661,1997,5,11,6,0,0,28.387305
3111,2004,1,25,6,0,0,59.60024933333333
2187,2001,7,15,6,0,0,38.506686
9386,2021,3,31,2,0,1,155.60166666666666
5872,2011,8,17,2,0,1,99.47786033333334
6297,2012,10,15,0,1,1,207.75046366666663
3061,2003,12,6,5,0,0,46.214792
7639,2016,6,18,5,0,0,272.41195866666664
5297,2010,1,19,1,0,1,159.668267
5585,2010,11,3,2,0,1,117.01607466666668
891,1997,12,27,5,0,0,124.992
4713,2008,6,14,5,0,0,75.03765666666668
2032,2001,2,10,5,0,0,79.97693066666666
9128,2020,7,16,3,0,1,147.89833333333334
3882,2006,3,6,0,0,1,86.44411966666667
2086,2001,4,5,3,0,1,65.68021533333334
1552,1999,10,19,1,0,1,31.89112
4936,2009,1,23,4,0,1,130.029981
5508,2010,8,18,2,0,1,85.670929
5309,2010,1,31,6,0,0,124.55530866666668
3509,2005,2,26,5,0,0,63.298289
3378,2004,10,18,0,1,1,72.08312333333333
9173,2020,8,30,6,0,0,151.10833333333335
3721,2005,9,26,0,0,1,77.956442
4510,2007,11,24,5,0,0,62.28304666666667
3702,2005,9,7,2,0,1,91.04060866666669
608,1997,3,19,2,0,1,22.032398333333333
7517,2016,2,17,2,0,1,854.2416586666667
766,1997,8,24,6,0,0,32.06074666666667
721,1997,7,10,3,0,1,27.06331
4807,2008,9,16,1,0,1,85.09049033333334
6084,2012,3,16,4,0,1,137.98712366666666
8021,2017,7,5,2,0,1,64.90935133333333
4635,2008,3,28,4,0,1,103.76657166666666
1719,2000,4,3,0,0,1,42.581663
5192,2009,10,6,1,0,1,271.93679333333336
6196,2012,7,6,4,0,1,77.60328666666668
2660,2002,10,31,3,0,1,52.49544533333333
1326,1999,3,7,6,0,0,20.256363333333336
5683,2011,2,9,2,0,1,109.55122833333331
8722,2019,6,6,3,0,1,142.374341
3664,2005,7,31,6,0,0,72.05740766666666
359,1996,7,13,5,0,0,1.2544583333333332
5299,2010,1,21,3,0,1,148.407392
4562,2008,1,15,1,0,1,88.22385233333334
6743,2014,1,4,5,0,0,158.02802666666668
2923,2003,7,21,0,0,1,72.343219
294,1996,5,9,3,0,1,2.6624583333333334
2099,2001,4,18,2,0,1,67.11517366666668
255,1996,3,31,6,0,0,2.7000000000000006
4851,2008,10,30,3,0,1,101.930884
6431,2013,2,26,1,0,1,154.496233
8106,2017,9,28,3,0,1,131.83143766666666
216,1996,2,21,2,0,1,9.445833333333333
6998,2014,9,16,1,0,1,141.60081166666666
8248,2018,2,17,5,0,0,131.91696233333332
3297,2004,7,29,3,0,1,54.03096566666667
6540,2013,6,15,5,0,0,139.69109766666665
174,1996,1,10,2,0,1,34.83183333333333
331,1996,6,15,5,0,0,2.841708333333333
1506,1999,9,3,4,0,1,33.79538
1680,2000,2,24,3,0,1,44.01979866666667
7390,2015,10,13,1,0,1,1183.5832776666666
7254,2015,5,30,5,0,0,239.665252
7758,2016,10,15,5,0,0,207.49871700000003
6422,2013,2,17,6,0,0,161.18430066666667
3397,2004,11,6,5,0,0,70.389958
8180,2017,12,11,0,0,1,91.10220366666664
5552,2010,10,1,4,0,1,126.30012366666666
4536,2007,12,20,3,0,1,83.52089600000001
8259,2018,2,28,2,0,1,146.20169033333335
1046,1998,5,31,6,0,0,17.64716
5029,2009,4,26,6,0,0,107.898555
4512,2007,11,26,0,0,1,72.647255
8953,2020,1,23,3,0,1,368.3025
823,1997,10,20,0,0,1,154.18502833333332
2029,2001,2,7,2,0,1,80.11497233333334
6608,2013,8,22,3,0,1,123.407384
3516,2005,3,5,5,0,0,76.84863
9246,2020,11,11,2,0,1,221.115
3430,2004,12,9,3,0,1,68.248239
2784,2003,3,4,1,0,1,68.91977666666666
7367,2015,9,20,6,0,0,331.557515
4960,2009,2,16,0,0,1,121.77581066666666
5820,2011,6,26,6,0,0,43.932339000000006
751,1997,8,9,5,0,0,35.74116333333333
5345,2010,3,8,0,0,1,221.44288133333336
3228,2004,5,21,4,0,1,69.84881433333334
4159,2006,12,8,4,1,1,54.34751166666666
2018,2001,1,27,5,0,0,74.56092233333332
3661,2005,7,28,3,0,1,77.12840766666666
2197,2001,7,25,2,0,1,40.43772766666667
2756,2003,2,4,1,0,1,77.08460466666666
4243,2007,3,2,4,0,1,99.08621333333332
1408,1999,5,28,4,0,1,25.34641
4069,2006,9,9,5,0,0,105.09713466666666
2644,2002,10,15,1,0,1,64.84532033333333
3635,2005,7,2,5,0,0,59.899241
8587,2019,1,22,1,0,1,217.6454513333333
5288,2010,1,10,6,0,0,198.85393366666665
7833,2016,12,29,3,0,1,103.41017366666664
1199,1998,10,31,5,0,0,21.900986666666668
7544,2016,3,15,1,0,1,883.4118119999999
3640,2005,7,7,3,0,1,68.17840766666667
7611,2016,5,21,5,0,0,146.70607366666664
3360,2004,9,30,3,0,1,73.58035333333333
8847,2019,10,9,2,0,1,412.544227
1692,2000,3,7,1,0,1,35.22750033333333
8811,2019,9,3,1,0,1,199.037234
6258,2012,9,6,3,0,1,163.020499
3989,2006,6,21,2,0,1,66.84936133333333
1934,2000,11,4,5,0,0,45.286828333333325
4399,2007,8,5,6,0,0,109.14768066666666
7679,2016,7,28,3,0,1,135.92117066666663
2026,2001,2,4,6,0,0,61.68534733333333
260,1996,4,5,4,1,1,2.0238333333333336
3781,2005,11,25,4,0,1,55.80632533333334
8112,2017,10,4,2,0,1,119.14000266666666
7681,2016,7,30,5,0,0,138.67195666666666
1320,1999,3,1,0,0,1,22.62132166666667
5864,2011,8,9,1,0,1,110.90253766666667
7862,2017,1,27,4,0,1,132.357124
5824,2011,6,30,3,0,1,42.268734
6904,2014,6,14,5,0,0,390.598536
6369,2012,12,26,2,0,1,184.76657866666665
5053,2009,5,20,2,0,1,131.68972666666667
8545,2018,12,11,1,0,1,179.145492
5769,2011,5,6,4,0,1,64.349036
2095,2001,4,14,5,0,0,58.90684033333333
6574,2013,7,19,4,0,1,198.28332333333333
5445,2010,6,16,2,0,1,77.91243233333334
6450,2013,3,17,6,0,0,128.55511266666667
8641,2019,3,17,6,0,0,215.97200633333333
3492,2005,2,9,2,0,1,74.80703899999999
5949,2011,11,2,2,0,1,63.86564033333334
7528,2016,2,28,6,0,0,868.2458253333334
6314,2012,11,1,3,0,1,184.42981333333333
4247,2007,3,6,1,0,1,106.99513
8575,2019,1,10,3,0,1,330.5230256666667
3032,2003,11,7,4,0,1,59.729826333333335
8948,2020,1,18,5,0,0,355.72875
7594,2016,5,4,2,0,1,157.39590833333332
4225,2007,2,12,0,0,1,105.82856166666666
3344,2004,9,14,1,0,1,54.24243666666666
1429,1999,6,18,4,0,1,27.01708666666667
6311,2012,10,29,0,0,1,161.66716
4646,2008,4,8,1,0,1,96.60720766666668
3005,2003,10,11,5,0,0,56.186072
6548,2013,6,23,6,0,0,153.86052933333335
1489,1999,8,17,1,0,1,32.36813333333333
7179,2015,3,16,0,0,1,242.5164873333333
5900,2011,9,14,2,0,1,91.46608966666666
1008,1998,4,23,3,0,1,44.06799333333333
6747,2014,1,8,2,0,1,164.43264200000002
804,1997,10,1,2,0,1,184.7684033333333
7987,2017,6,1,3,0,1,68.82724066666667
9080,2020,5,29,4,0,1,414.2941666666666
1672,2000,2,16,2,0,1,48.82071533333333
6827,2014,3,29,5,0,0,138.62150666666665
1863,2000,8,25,4,0,1,53.152058
90,1995,10,18,2,0,1,3.015416666666667
7569,2016,4,9,5,0,0,417.695642
3894,2006,3,18,5,0,0,64.739953
4924,2009,1,11,6,0,0,132.594981
180,1996,1,16,1,0,1,29.20833333333333
7766,2016,10,23,6,0,0,212.2463123333333
1951,2000,11,21,1,0,1,66.08087
4821,2008,9,30,1,0,1,90.36369866666666
4205,2007,1,23,1,0,1,95.932443
3485,2005,2,2,2,0,1,81.51120566666667
7420,2015,11,12,3,0,1,700.5526563333333
3323,2004,8,24,1,0,1,53.756059666666665
6732,2013,12,24,1,0,1,152.96975700000002
3114,2004,1,28,2,0,1,63.771082666666665
7145,2015,2,10,1,0,1,166.63482666666667
3639,2005,7,6,2,0,1,68.630491
3480,2005,1,28,4,0,1,78.08807966666667
4789,2008,8,29,4,0,1,75.83341066666667
6931,2014,7,11,4,0,1,148.62689833333334
5793,2011,5,30,0,0,1,64.76101566666667
1673,2000,2,17,3,0,1,48.424882
1006,1998,4,21,1,0,1,49.840493333333335
3932,2006,4,25,1,0,1,62.18979733333333
6812,2014,3,14,4,0,1,142.39992199999998
6451,2013,3,18,0,0,1,123.616709
6064,2012,2,25,5,0,0,115.89311133333332
110,1995,11,7,1,0,1,15.988083333333334
2820,2003,4,9,2,0,1,84.343599
7627,2016,6,6,0,1,1,154.64755933333333
7991,2017,6,5,0,0,1,68.48435166666667
354,1996,7,8,0,0,1,1.191375
5620,2010,12,8,2,1,1,45.406981
2766,2003,2,14,4,0,1,62.169188
4341,2007,6,8,4,0,1,68.290495
617,1997,3,28,4,1,1,19.360606666666666
9129,2020,7,17,4,0,1,143.455
4812,2008,9,21,6,0,0,81.41319866666667
1972,2000,12,12,1,0,1,57.721266333333325
3118,2004,2,1,6,0,0,59.530124666666666
6447,2013,3,14,3,0,1,149.42845966666667
382,1996,8,5,0,0,1,2.15625
8657,2019,4,2,1,0,1,254.33297
6360,2012,12,17,0,0,1,203.1452243333333
1886,2000,9,17,6,0,0,51.13111
8988,2020,2,27,3,0,1,306.0225
2262,2001,9,28,4,0,1,41.89153533333333
165,1996,1,1,0,1,1,13.089458333333331
7694,2016,8,12,4,0,1,151.01495066666666
479,1996,11,10,6,0,0,25.08333333333333
1391,1999,5,11,1,0,1,30.24224333333333
8496,2018,10,23,1,0,1,106.02861733333334
4093,2006,10,3,1,0,1,152.034797
5110,2009,7,16,3,0,1,122.17802533333332
2662,2002,11,2,5,0,0,52.38794566666667
4810,2008,9,19,4,0,1,87.030782
6622,2013,9,5,3,0,1,138.859029
1380,1999,4,30,4,0,1,21.77841833333333
281,1996,4,26,4,0,1,2.1194166666666665
9048,2020,4,27,0,0,1,328.31333333333333
4166,2006,12,15,4,0,1,57.65730333333334
6194,2012,7,4,2,0,1,70.74661766666667
1373,1999,4,23,4,0,1,26.685126666666665
7366,2015,9,19,5,0,0,318.67478666666665
4034,2006,8,5,5,0,0,69.56261333333333
24,1995,8,13,6,0,0,34.32783333333333
1,1995,7,21,4,0,1,4.924333333333333
3075,2003,12,20,5,0,0,50.38562533333334
2904,2003,7,2,2,0,1,66.63526066666667
2986,2003,9,22,0,0,1,62.30056966666666
5404,2010,5,6,3,0,1,150.46485733333333
4350,2007,6,17,6,0,0,90.94132833333332
8893,2019,11,24,6,0,0,205.11066766666667
6552,2013,6,27,3,0,1,183.9612703333333
9061,2020,5,10,6,0,0,306.44666666666666
2480,2002,5,4,5,0,0,37.208547
2696,2002,12,6,4,0,1,68.258991
5951,2011,11,4,4,0,1,86.33751333333333
8571,2019,1,6,6,0,0,314.0623796666667
6298,2012,10,16,1,0,1,216.46333933333327
8097,2017,9,19,1,0,1,102.12831066666666
6332,2012,11,19,0,0,1,145.0707173333333
1483,1999,8,11,2,0,1,30.743133333333333
7920,2017,3,26,6,0,0,78.518231
7097,2014,12,24,2,0,1,161.14318566666665
4769,2008,8,9,5,0,0,76.01382733333334
7304,2015,7,19,6,0,0,186.755124
537,1997,1,7,1,0,1,18.780436666666667
360,1996,7,14,6,0,0,1.254
8924,2019,12,25,2,1,1,275.69171166666666
117,1995,11,14,1,0,1,12.380416666666669
4785,2008,8,25,0,0,1,64.671619
4152,2006,12,1,4,0,1,81.01726166666667
8785,2019,8,8,3,0,1,113.21691400000002
8141,2017,11,2,3,0,1,135.529057
7177,2015,3,14,5,0,0,224.07091866666667
6889,2014,5,30,4,0,1,462.6787376666667
945,1998,2,19,3,0,1,166.13209333333333
5504,2010,8,14,5,0,0,84.270083
332,1996,6,16,6,0,0,1.6870833333333335
5473,2010,7,14,2,0,1,90.19267133333334
9309,2021,1,13,2,0,1,133.34666666666666
8942,2020,1,12,6,0,0,309.29125
7237,2015,5,13,2,0,1,323.46385533333336
8088,2017,9,10,6,0,0,126.369921
7859,2017,1,24,1,0,1,148.969493
6741,2014,1,2,3,0,1,148.83819066666666
8503,2018,10,30,1,0,1,159.318841
6228,2012,8,7,1,1,1,118.69617466666666
1624,1999,12,30,3,0,1,33.84328666666667
7242,2015,5,18,0,1,1,389.09743733333335
6516,2013,5,22,2,0,1,136.83653566666666
1014,1998,4,29,2,0,1,33.804993333333336
2168,2001,6,26,1,0,1,41.34761133333333
3070,2003,12,15,0,0,1,53.73145866666667
4181,2006,12,30,5,0,0,58.080845
9273,2020,12,8,1,1,1,123.52500000000002
5989,2011,12,12,0,0,1,51.155044
2360,2002,1,4,4,0,1,30.06477633333333
231,1996,3,7,3,0,1,7.104166666666667
4768,2008,8,8,4,0,1,99.68757733333332
6942,2014,7,22,1,0,1,175.34261966666668
967,1998,3,13,4,0,1,95.33456
2423,2002,3,8,4,0,1,46.294864
5972,2011,11,25,4,0,1,54.093635
8135,2017,10,27,4,0,1,166.36420866666666
5047,2009,5,14,3,0,1,98.00164333333332
2391,2002,2,4,0,0,1,55.38788333333334
8983,2020,2,22,5,0,0,576.5191666666667
2257,2001,9,23,6,0,0,40.19153533333333
2537,2002,6,30,6,0,0,34.055658
1120,1998,8,13,3,0,1,21.190776666666668
3233,2004,5,26,2,0,1,67.21189766666667
6664,2013,10,17,3,0,1,190.77662766666663
2336,2001,12,11,1,0,1,39.87191066666667
4804,2008,9,13,5,0,0,83.03819866666667
5670,2011,1,27,3,0,1,122.19521166666668
6658,2013,10,11,4,0,1,163.70701966666667
3627,2005,6,24,4,0,1,66.84251166666667
9237,2020,11,2,0,1,1,189.47708333333333
5126,2009,8,1,5,0,0,134.25114033333332
668,1997,5,18,6,0,0,38.383721666666666
4855,2008,11,3,0,1,1,72.41079366666666
1867,2000,8,29,1,0,1,56.443766333333336
3258,2004,6,20,6,0,0,41.936309666666666
1353,1999,4,3,5,0,0,20.30604333333333
8273,2018,3,14,2,0,1,212.6909643333333
317,1996,6,1,5,0,0,1.56625
2058,2001,3,8,3,0,1,87.56499133333334
8629,2019,3,5,1,0,1,317.92955966666665
1648,2000,1,23,6,0,0,32.32645466666667
2012,2001,1,21,6,0,0,57.185839
5423,2010,5,25,1,0,1,138.48187933333335
2240,2001,9,6,3,0,1,58.898868666666665
9268,2020,12,3,3,0,1,115.08416666666666
7185,2015,3,22,6,0,0,171.22006399999998
6894,2014,6,4,2,0,1,437.13047166666666
7110,2015,1,6,1,0,1,213.011126
7577,2016,4,17,6,0,0,166.59772133333334
3724,2005,9,29,3,0,1,74.65727533333333
1968,2000,12,8,4,1,1,44.47114133333333
1949,2000,11,19,6,0,0,29.880119583333336
6590,2013,8,4,6,0,0,173.90794000000002
1568,1999,11,4,3,0,1,32.118790000000004
870,1997,12,6,5,0,0,136.92854166666666
2861,2003,5,20,1,0,1,66.757402
7421,2015,11,13,4,0,1,668.263423
7296,2015,7,11,5,0,0,220.82001266666668
6155,2012,5,26,5,0,0,40.23655466666667
8128,2017,10,20,4,0,1,157.1142573333333
2828,2003,4,17,3,1,1,76.57026566666666
4502,2007,11,16,4,0,1,66.96029666666666
1647,2000,1,22,5,0,0,35.13895466666667
6388,2013,1,14,0,0,1,192.11613
2132,2001,5,21,0,0,1,41.583458666666665
8662,2019,4,7,6,0,0,220.03021566666663
3157,2004,3,11,3,0,1,72.12916466666667
1066,1998,6,20,5,0,0,19.53224
690,1997,6,9,0,1,1,23.567246666666662
1356,1999,4,6,1,0,1,24.383876666666666
8909,2019,12,10,1,0,1,332.9333083333333
984,1998,3,30,0,0,1,76.90556
2586,2002,8,18,6,0,0,43.11611166666668
1961,2000,12,1,4,0,1,68.03376633333333
8911,2019,12,12,3,0,1,359.1692703333333
9413,2021,4,27,1,0,1,181.77
1935,2000,11,5,6,0,0,37.96570333333333
9033,2020,4,12,6,0,0,258.77166666666665
2807,2003,3,27,3,0,1,78.56644333333332
2610,2002,9,11,2,0,1,49.965463666666665
7896,2017,3,2,3,0,1,168.07206333333332
7327,2015,8,11,1,0,1,211.707993
1848,2000,8,10,3,0,1,48.339683
1795,2000,6,18,6,0,0,37.907291666666666
3942,2006,5,5,4,0,1,56.591956333333336
2176,2001,7,4,2,0,1,42.17501933333333
5426,2010,5,28,4,0,1,144.12913933333334
577,1997,2,16,6,0,0,20.61763333333333
75,1995,10,3,1,0,1,12.409208333333334
6965,2014,8,14,3,0,1,158.377148
8286,2018,3,27,1,0,1,174.13481166666665
3909,2006,4,2,6,0,0,53.457172333333325
2633,2002,10,4,4,0,1,53.652987
3326,2004,8,27,4,0,1,53.51818466666666
7621,2016,5,31,1,0,1,132.34567866666666
6960,2014,8,9,5,0,0,159.54541600000002
8260,2018,3,1,3,0,1,138.68059133333335
2059,2001,3,9,4,0,1,84.872783
3324,2004,8,25,2,0,1,54.17272633333334
9390,2021,4,4,6,0,0,157.17
1488,1999,8,16,0,1,1,30.576466666666665
2273,2001,10,9,1,0,1,46.26643833333333
5495,2010,8,5,3,0,1,62.301637
868,1997,12,4,3,0,1,134.267875
7631,2016,6,10,4,0,1,172.56738233333337
6893,2014,6,3,1,0,1,417.607243
2188,2001,7,16,0,0,1,39.969186
3774,2005,11,18,4,0,1,48.73590866666667
2704,2002,12,14,5,0,0,65.85565766666666
166,1996,1,2,1,0,1,15.389
7024,2014,10,12,6,0,0,139.36231966666668
1220,1998,11,21,5,0,0,24.113915
207,1996,2,12,0,0,1,10.1625
9026,2020,4,5,6,0,0,254.3325
6551,2013,6,26,2,0,1,191.824313
2379,2002,1,23,2,0,1,42.79560966666667
7239,2015,5,15,4,0,1,447.03493733333335
7687,2016,8,5,4,0,1,129.378241
9057,2020,5,6,2,0,1,275.9604166666667
5430,2010,6,1,1,0,1,133.06291333333334
4771,2008,8,11,0,0,1,88.01916066666666
2580,2002,8,12,0,0,1,45.453945
1760,2000,5,14,6,0,0,34.009515666666665
5988,2011,12,11,6,0,0,43.421927333333336
523,1996,12,24,1,0,1,7.75
673,1997,5,23,4,0,1,34.86984666666667
6415,2013,2,10,6,0,0,207.07031666666668
2706,2002,12,16,0,0,1,65.596491
5290,2010,1,12,1,0,1,173.45080866666663
7095,2014,12,22,0,0,1,194.86233166666668
1236,1998,12,7,0,0,1,21.19598333333333
1734,2000,4,18,1,0,1,48.31357966666667
8297,2018,4,7,5,0,0,119.66310733333334
7951,2017,4,26,2,0,1,93.12607666666668
8967,2020,2,6,3,0,1,395.07083333333327
7253,2015,5,29,4,0,1,287.23390233333333
2236,2001,9,2,6,0,0,48.20224366666667
8470,2018,9,27,3,0,1,133.96143433333333
4381,2007,7,18,2,0,1,85.12818166666666
2801,2003,3,21,4,0,1,81.71894333333333
4275,2007,4,3,1,0,1,98.93609433333334
6382,2013,1,8,1,0,1,174.97894499999998
578,1997,2,17,0,0,1,30.0173
3371,2004,10,11,0,0,1,73.267915
6399,2013,1,25,4,0,1,200.0913086666667
5368,2010,3,31,2,0,1,286.177923
5597,2010,11,15,0,1,1,86.01244933333332
4379,2007,7,16,0,0,1,77.81318166666667
258,1996,4,3,2,0,1,3.6
8487,2018,10,14,6,0,0,72.43596166666667
2624,2002,9,25,2,0,1,53.60588033333334
5749,2011,4,16,5,0,0,41.827907
3133,2004,2,16,0,0,1,74.03012466666667
185,1996,1,21,6,0,0,19.33758333333333
1450,1999,7,9,4,0,1,26.404056666666666
8224,2018,1,24,2,0,1,113.09639866666669
951,1998,2,25,2,0,1,103.99171833333332
4964,2009,2,20,4,0,1,111.09206066666668
4351,2007,6,18,0,1,1,83.62216166666667
6126,2012,4,27,4,0,1,49.823866333333335
4690,2008,5,22,3,0,1,98.81309333333331
4016,2006,7,18,1,0,1,58.70932633333334
2734,2003,1,13,0,0,1,67.088151
9341,2021,2,14,6,0,0,253.4670833333333
6470,2013,4,6,5,0,0,179.98036833333333
9350,2021,2,23,1,0,1,265.2041666666667
3141,2004,2,24,1,0,1,75.10054133333334
3649,2005,7,16,5,0,0,94.48257433333332
4522,2007,12,6,3,0,1,89.11856266666666
2349,2001,12,24,0,0,1,31.608660666666665
2022,2001,1,31,2,0,1,97.93592233333334
3252,2004,6,14,0,1,1,50.207143
6348,2012,12,5,2,0,1,184.5076633333333
3287,2004,7,19,0,0,1,52.289299
5877,2011,8,22,0,0,1,79.52784566666666
8296,2018,4,6,4,0,1,111.579035
5756,2011,4,23,5,0,0,35.35667433333334
1656,2000,1,31,0,0,1,44.11607966666667
8569,2019,1,4,4,0,1,375.750485
3612,2005,6,9,3,0,1,64.21751166666667
6087,2012,3,19,0,1,1,128.291133
9021,2020,3,31,1,0,1,202.7783333333333
7096,2014,12,23,1,0,1,161.50995766666668
3597,2005,5,25,2,0,1,68.74382366666667
7981,2017,5,26,4,0,1,68.31793533333334
7481,2016,1,12,1,0,1,659.9492673333333
9106,2020,6,24,2,0,1,227.28583333333333
7846,2017,1,11,2,0,1,118.11043
5740,2011,4,7,3,0,1,113.931393
8015,2017,6,29,3,0,1,66.26022333333334
847,1997,11,13,3,0,1,191.6955333333333
7344,2015,8,28,4,0,1,151.97055933333334
8061,2017,8,14,0,0,1,79.24516799999999
5051,2009,5,18,0,0,1,129.56435166666668
807,1997,10,4,5,0,0,85.11273666666666
4230,2007,2,17,5,0,0,103.614395
688,1997,6,7,5,0,0,28.18683
202,1996,2,7,2,0,1,4.556666666666667
928,1998,2,2,0,0,1,133.13105166666668
2087,2001,4,6,4,0,1,63.99271533333334
9091,2020,6,9,1,0,1,420.0625
5565,2010,10,14,3,0,1,130.57946366666667
8208,2018,1,8,0,1,1,132.06279666666669
5925,2011,10,9,6,0,0,76.49269466666665
5536,2010,9,15,2,0,1,104.72315333333334
2378,2002,1,22,1,0,1,41.441443
6142,2012,5,13,6,0,0,38.39798
5629,2010,12,17,4,0,1,78.72152200000001
513,1996,12,14,5,0,0,6.152208333333333
8715,2019,5,30,3,0,1,135.80362233333332
4796,2008,9,5,4,0,1,48.33199033333333
5119,2009,7,25,5,0,0,125.01323366666666
1477,1999,8,5,3,0,1,30.39988333333333
1850,2000,8,12,5,0,0,50.02722466666666
3766,2005,11,10,3,0,1,61.818825333333336
7186,2015,3,23,0,1,1,157.85292466666667
2891,2003,6,19,3,0,1,73.78969666666667
2950,2003,8,17,6,0,0,68.87967666666667
1541,1999,10,8,4,0,1,31.84737
229,1996,3,5,1,0,1,7.885708333333333
9062,2020,5,11,0,0,1,328.89916666666664
5454,2010,6,25,4,0,1,102.99052566666668
3281,2004,7,13,1,0,1,63.96013233333333
9198,2020,9,24,3,0,1,142.30166666666668
7907,2017,3,13,0,0,1,133.51984933333333
2810,2003,3,30,6,0,0,78.30769333333333
1815,2000,7,8,5,0,0,47.18983166666666
5113,2009,7,19,6,0,0,132.094692
2794,2003,3,14,4,0,1,80.03477666666667
6309,2012,10,27,5,0,0,134.17599033333332
3464,2005,1,12,2,0,1,85.52974633333334
1943,2000,11,13,0,1,1,30.99270333333333
6787,2014,2,17,0,0,1,194.06727633333333
4815,2008,9,24,2,0,1,94.895032
7212,2015,4,18,5,0,0,134.06760833333334
4704,2008,6,5,3,0,1,82.79049
6705,2013,11,27,2,0,1,153.5492396666667
4988,2009,3,16,0,0,1,119.42297033333334
8658,2019,4,3,2,0,1,231.585786
6377,2013,1,3,3,0,1,182.89274166666667
1530,1999,9,27,0,0,1,33.59929666666667
9109,2020,6,27,5,0,0,240.98125
1148,1998,9,10,3,0,1,25.636983333333333
4583,2008,2,5,1,0,1,99.689663
920,1998,1,25,6,0,0,151.09221166666666
6471,2013,4,7,6,0,0,205.94305133333333
4616,2008,3,9,6,0,0,77.23990500000001
8645,2019,3,21,3,0,1,262.82217533333335
772,1997,8,30,5,0,0,46.05541333333333
2237,2001,9,3,0,0,1,52.44803533333334
9269,2020,12,4,4,0,1,115.67666666666666
573,1997,2,12,2,0,1,22.093633333333333
2180,2001,7,8,6,0,0,39.44001933333333
6008,2011,12,31,5,0,0,53.44069866666666
7121,2015,1,17,5,0,0,204.732761
5518,2010,8,28,5,0,0,102.245084
2973,2003,9,9,1,0,1,73.722403
5383,2010,4,15,3,0,1,251.331206
7529,2016,2,29,0,0,1,868.654446
2047,2001,2,25,6,0,0,76.926764
3785,2005,11,29,1,0,1,69.79153366666667
8310,2018,4,20,4,0,1,116.163385
1746,2000,4,30,6,0,0,36.992746333333336
6561,2013,7,6,5,0,0,217.092474
7394,2015,10,17,5,0,0,885.458772
7772,2016,10,29,5,0,0,203.9951576666667
6973,2014,8,22,4,0,1,172.97917333333336
1511,1999,9,8,2,0,1,40.36788
4028,2006,7,30,6,0,0,39.175243
2178,2001,7,6,4,0,1,41.18647766666667
5881,2011,8,26,4,0,1,81.78967833333333
7617,2016,5,27,4,0,1,155.96102066666666
1916,2000,10,17,1,0,1,50.882174
1115,1998,8,8,5,0,0,17.443985
614,1997,3,25,1,0,1,26.20369
6491,2013,4,27,5,0,0,162.43899533333334
7065,2014,11,22,5,0,0,162.87641233333332
1005,1998,4,20,0,0,1,54.174868333333336
2819,2003,4,8,1,0,1,82.59943233333333
2541,2002,7,4,3,0,1,37.175783333333335
3408,2004,11,17,2,0,1,66.71591633333333
5935,2011,10,19,2,0,1,55.38962533333333
160,1995,12,27,2,0,1,19.051791666666663
1035,1998,5,20,2,0,1,24.72766
7850,2017,1,15,6,0,0,84.86502833333334
8035,2017,7,19,2,0,1,87.24203533333333
3596,2005,5,24,1,0,1,68.02244866666666
1527,1999,9,24,4,0,1,32.29538
6280,2012,9,28,4,0,1,256.993603
2208,2001,8,5,6,0,0,42.373545666666665
7427,2015,11,19,3,0,1,822.4410613333333
2500,2002,5,24,4,0,1,32.083547
3058,2003,12,3,2,0,1,57.25062533333334
3610,2005,6,7,1,0,1,41.46751166666667
2875,2003,6,3,1,0,1,55.018946666666665
2181,2001,7,9,0,0,1,41.698352666666665
6158,2012,5,29,1,0,1,49.55989666666667
4870,2008,11,18,1,0,1,114.249377
6247,2012,8,26,6,0,0,131.40379966666666
2449,2002,4,3,2,0,1,60.830682
8404,2018,7,23,0,0,1,104.97634133333332
5060,2009,5,27,2,0,1,136.47601833333334
7928,2017,4,3,0,0,1,110.74268966666666
7646,2016,6,25,5,0,0,115.151569
1737,2000,4,21,4,1,1,29.844121333333334
6123,2012,4,24,1,0,1,91.82887066666666
6630,2013,9,13,4,0,1,157.30021366666668
8267,2018,3,8,3,0,1,177.407812
53,1995,9,11,0,0,1,15.0515
633,1997,4,13,6,0,0,20.073645000000003
5277,2009,12,30,2,0,1,129.20296133333332
3846,2006,1,29,6,0,0,68.35237966666666
996,1998,4,11,5,0,0,58.60432666666667
468,1996,10,30,2,0,1,3.95675
2435,2002,3,20,2,0,1,61.287114
5353,2010,3,16,1,0,1,181.8595833333333
6307,2012,10,25,3,0,1,145.78571499999998
2571,2002,8,3,5,0,0,46.36611166666666
8787,2019,8,10,5,0,0,138.32313033333332
4947,2009,2,3,1,0,1,123.94785233333332
5746,2011,4,13,2,0,1,82.113557
7425,2015,11,17,1,0,1,822.2750613333333
7315,2015,7,30,3,0,1,160.45690266666665
524,1996,12,25,2,1,1,7.466666666666666
4141,2006,11,20,0,0,1,64.09649866666666
653,1997,5,3,5,0,0,31.08263833333333
5818,2011,6,24,4,0,1,61.95236133333333
4579,2008,2,1,4,0,1,95.98612133333334
3246,2004,6,8,1,0,1,60.037768
3503,2005,2,20,6,0,0,73.294539
6233,2012,8,12,6,0,0,143.231469
1132,1998,8,25,1,0,1,23.03581833333333
4673,2008,5,5,0,1,1,91.74430166666669
4095,2006,10,5,3,0,1,163.94346366666664
162,1995,12,29,4,0,1,25.116791666666668
8344,2018,5,24,3,0,1,74.158421
1838,2000,7,31,0,0,1,40.15987333333333
4729,2008,6,30,0,1,1,62.96265666666668
3802,2005,12,16,4,0,1,80.92396799999999
4000,2006,7,2,6,0,0,38.316243
8036,2017,7,20,3,1,1,68.04210933333333
9244,2020,11,9,0,0,1,214.26166666666663
7091,2014,12,18,3,0,1,162.8103043333333
7363,2015,9,16,2,0,1,300.77683666666667
3478,2005,1,26,2,0,1,75.60887133333334
7935,2017,4,10,0,0,1,108.43760533333334
8452,2018,9,9,6,0,0,73.95113633333334
6534,2013,6,9,6,0,0,129.83385766666666
6396,2013,1,22,1,0,1,183.2974113333333
2384,2002,1,28,0,0,1,54.701443000000005
8455,2018,9,12,2,0,1,94.13515666666667
5412,2010,5,14,4,0,1,145.680282
344,1996,6,28,4,0,1,1.25475
5312,2010,2,3,2,0,1,127.49713766666667
2482,2002,5,6,0,0,1,38.40438033333333
9220,2020,10,16,4,0,1,187.0483333333333
510,1996,12,11,2,0,1,11.533333333333331
9050,2020,4,29,2,0,1,352.2625
3817,2005,12,31,5,0,0,75.917718
2472,2002,4,26,4,0,1,45.03901533333334
8532,2018,11,28,2,0,1,108.11465466666664
7881,2017,2,15,2,0,1,196.37336066666668
9231,2020,10,27,1,0,1,264.4420833333333
9289,2020,12,24,3,0,1,210.60666666666663
2901,2003,6,29,6,0,0,62.17228
5985,2011,12,8,3,1,1,44.796046
1524,1999,9,21,1,0,1,32.69121333333334
4212,2007,1,30,1,0,1,99.35773466666669
2226,2001,8,23,3,0,1,43.373545666666665
405,1996,8,28,2,0,1,3.777416666666667
1754,2000,5,8,0,0,1,33.975224
572,1997,2,11,1,0,1,28.414591666666663
4186,2007,1,4,3,0,1,68.30727633333333
4603,2008,2,25,0,0,1,90.595288
8859,2019,10,21,0,0,1,327.6870543333334
5699,2011,2,25,4,0,1,103.82227166666668
6573,2013,7,18,3,0,1,221.7483883333333
7045,2014,11,2,6,0,0,167.628004
2194,2001,7,22,6,0,0,34.42751933333333
46,1995,9,4,0,0,1,10.1685
6920,2014,6,30,0,1,1,125.01936666666668
1826,2000,7,19,2,0,1,45.171665
7447,2015,12,9,2,0,1,664.4422410000001
338,1996,6,22,5,0,0,2.2335
2281,2001,10,17,2,0,1,51.12598
5389,2010,4,21,2,0,1,156.12447
9134,2020,7,22,2,0,1,167.11083333333332
1544,1999,10,11,0,0,1,31.99528666666667
435,1996,9,27,4,0,1,22.625
1106,1998,7,30,3,0,1,20.228705
924,1998,1,29,3,0,1,127.58867
1363,1999,4,13,1,0,1,24.039043333333336
9009,2020,3,19,3,0,1,370.7816666666667
4084,2006,9,24,6,0,0,96.961718
4315,2007,5,13,6,0,0,67.105824
4279,2007,4,7,5,0,0,90.952011
3707,2005,9,12,0,0,1,91.541317
4150,2006,11,29,2,0,1,75.798457
7871,2017,2,5,6,0,0,92.87973366666664
6103,2012,4,4,2,0,1,62.78601533333333
395,1996,8,18,6,0,0,5.097625
6829,2014,3,31,0,0,1,142.987393
7606,2016,5,16,0,0,1,154.439368
4509,2007,11,23,4,0,1,62.89138
4101,2006,10,11,2,0,1,166.08096366666666
4620,2008,3,13,3,0,1,76.36315499999999
464,1996,10,26,5,0,0,4.095125
5837,2011,7,13,2,0,1,71.21703
7349,2015,9,2,2,0,1,247.328652
2079,2001,3,29,3,0,1,58.356116333333325
7172,2015,3,9,0,0,1,215.742192
5392,2010,4,24,5,0,0,170.796423
3493,2005,2,10,3,0,1,79.532039
5834,2011,7,10,6,0,0,52.14479166666666
3700,2005,9,5,0,0,1,97.686442
1865,2000,8,27,6,0,0,40.23547466666667
4952,2009,2,8,6,0,0,133.289019
3642,2005,7,9,5,0,0,71.17840766666667
391,1996,8,14,2,0,1,5.982083333333333
6949,2014,7,29,1,0,1,322.3418443333333
9297,2021,1,1,4,1,1,152.35166666666666
9076,2020,5,25,0,1,1,475.6083333333333
4235,2007,2,22,3,0,1,106.21256166666666
4653,2008,4,15,1,0,1,97.08499933333331
436,1996,9,28,5,0,0,20.875
9239,2020,11,4,2,0,1,201.20416666666668
7706,2016,8,24,2,0,1,309.618542
685,1997,6,4,2,0,1,39.301413333333336
1800,2000,6,23,4,0,1,44.75716666666667
5939,2011,10,23,6,0,0,54.099172
3845,2006,1,28,5,0,0,77.86404633333333
2366,2002,1,10,3,0,1,34.816443
3109,2004,1,23,4,0,1,65.39608266666666
8421,2018,8,9,3,0,1,110.932156
5164,2009,9,8,1,0,1,134.27575866666666
5759,2011,4,26,1,0,1,64.859302
2078,2001,3,28,2,0,1,59.435658
979,1998,3,25,2,0,1,89.11239333333333
1396,1999,5,16,6,0,0,25.03391
3794,2005,12,8,3,1,1,77.54392633333333
2080,2001,3,30,4,0,1,56.42861633333334
1962,2000,12,2,5,0,0,46.62209966666666
5731,2011,3,29,1,0,1,67.32531466666667
9118,2020,7,6,0,0,1,146.61249999999998
292,1996,5,7,1,0,1,3.1265
8336,2018,5,16,2,0,1,65.776432
5744,2011,4,11,0,0,1,104.948019
603,1997,3,14,4,0,1,35.53619
6284,2012,10,2,1,0,1,264.6849633333333
3156,2004,3,10,2,0,1,73.63791466666666
4937,2009,1,24,5,0,0,128.31748100000002
43,1995,9,1,4,0,1,1.7589583333333332
2129,2001,5,18,4,0,1,48.067208666666666
3560,2005,4,18,0,0,1,58.44920266666667
7345,2015,8,29,5,0,0,146.144413
7649,2016,6,28,1,0,1,124.364959
4183,2007,1,1,0,1,1,56.64060966666667
2142,2001,5,31,3,0,1,47.993042
2539,2002,7,2,1,0,1,38.59661666666667
30,1995,8,19,5,0,0,1.1018333333333332
2548,2002,7,11,3,0,1,39.85495
1543,1999,10,10,6,0,0,30.572245
3988,2006,6,20,1,0,1,61.64665300000001
8639,2019,3,15,4,0,1,232.38832566666665
1461,1999,7,20,1,1,1,29.79764
5763,2011,4,30,5,0,0,65.23994166666667
8768,2019,7,22,0,0,1,129.94328399999998
4458,2007,10,3,2,0,1,91.04335366666668
8073,2017,8,26,5,0,0,114.76938166666667
987,1998,4,2,3,0,1,73.05761833333334
1966,2000,12,6,2,0,1,64.304308
3811,2005,12,25,6,1,0,77.133968
7084,2014,12,11,3,0,1,177.19208333333333
7576,2016,4,16,5,0,0,171.893175
2251,2001,9,17,0,0,1,41.37486866666666
8175,2017,12,6,2,0,1,78.35132533333334
2634,2002,10,5,5,0,0,54.51132033333334
4256,2007,3,15,3,0,1,101.817255
5324,2010,2,15,0,0,1,232.1567083333333
2174,2001,7,2,0,1,1,38.260852666666665
2048,2001,2,26,0,0,1,88.18947233333334
4721,2008,6,22,6,0,0,55.80807333333333
6054,2012,2,15,2,0,1,79.25323933333334
1428,1999,6,17,3,0,1,27.200420000000005
7737,2016,9,24,5,0,0,103.17897666666666
6303,2012,10,21,6,0,0,186.0977283333333
5848,2011,7,24,6,0,0,47.68340933333334
3340,2004,9,10,4,0,1,49.722145000000005
8654,2019,3,30,5,0,0,211.8114163333333
1833,2000,7,26,2,0,1,31.252081666666665
6119,2012,4,20,4,0,1,62.20462799999999
7705,2016,8,23,1,0,1,275.7891696666667
748,1997,8,6,2,0,1,46.29358
8087,2017,9,9,5,0,0,124.23456433333332
5963,2011,11,16,2,0,1,83.23480666666667
6693,2013,11,15,4,0,1,163.415288
4554,2008,1,7,0,1,1,97.00739400000002
1191,1998,10,23,4,0,1,24.824736666666663
9161,2020,8,18,1,0,1,166.09833333333333
5357,2010,3,20,5,0,0,192.09713166666663
3260,2004,6,22,1,0,1,48.019643
1780,2000,6,3,5,0,0,34.153416666666665
3972,2006,6,4,6,0,0,47.05344466666667
2118,2001,5,7,0,0,1,51.410167
8611,2019,2,15,4,0,1,326.39241
588,1997,2,27,3,0,1,20.461675
59,1995,9,17,6,0,0,5.4210416666666665
3375,2004,10,15,4,0,1,68.22895666666666
535,1997,1,5,6,0,0,15.35827
5891,2011,9,5,0,0,1,100.08095
956,1998,3,2,0,0,1,95.98406
226,1996,3,2,5,0,0,7.784583333333334
9066,2020,5,15,4,0,1,443.6325
4917,2009,1,4,6,0,0,144.82831433333334
2465,2002,4,19,4,0,1,51.611932
889,1997,12,25,3,1,1,85.47775
1940,2000,11,10,4,0,1,44.35211999999999
8914,2019,12,15,6,0,0,347.50576100000006
1085,1998,7,9,3,0,1,19.718163333333333
7136,2015,2,1,6,0,0,166.52043266666666
600,1997,3,11,1,0,1,37.15964833333333
3547,2005,4,5,1,0,1,74.49086933333332
7020,2014,10,8,2,0,1,261.5966143333333
4252,2007,3,11,6,0,0,104.08521333333334
173,1996,1,9,1,0,1,30.70833333333333
7262,2015,6,7,6,0,0,184.78712633333336
9303,2021,1,7,3,0,1,175.62041666666667
2107,2001,4,26,3,0,1,76.97767366666666
3618,2005,6,15,2,0,1,59.84251166666667
4685,2008,5,17,5,0,0,111.50376
1133,1998,8,26,2,0,1,23.50127666666667
2501,2002,5,25,5,0,0,32.91713033333333
8450,2018,9,7,4,0,1,73.43868433333334
9279,2020,12,14,0,0,1,171.78833333333333
817,1997,10,14,1,0,1,165.01698666666667
6240,2012,8,19,6,0,0,120.98565566666667
4043,2006,8,14,0,0,1,69.325405
7066,2014,11,23,6,0,0,163.475022
7484,2016,1,15,4,0,1,693.8068243333333
4869,2008,11,17,0,1,1,98.669002
6198,2012,7,8,6,0,0,55.51215866666666
8743,2019,6,27,3,0,1,125.46709400000002
6834,2014,4,5,5,0,0,241.398506
6442,2013,3,9,5,0,0,174.7743
8338,2018,5,18,4,0,1,69.29706866666668
1265,1999,1,5,1,0,1,26.46745
4970,2009,2,26,3,0,1,118.885394
2363,2002,1,7,0,1,1,34.50277633333334
1410,1999,5,30,6,0,0,24.74224333333333
1712,2000,3,27,0,0,1,38.526958666666665
6305,2012,10,23,1,0,1,160.06393699999998
157,1995,12,24,6,0,0,23.20745833333333
7099,2014,12,26,4,0,1,140.77445633333332
4760,2008,7,31,3,0,1,79.27382766666666
6353,2012,12,10,0,0,1,181.76579433333333
2215,2001,8,12,6,0,0,35.531879
4753,2008,7,24,3,0,1,94.682911
5393,2010,4,25,6,0,0,176.97989333333337
6407,2013,2,2,5,0,0,218.212563
640,1997,4,20,6,0,0,20.08102
2913,2003,7,11,4,0,1,72.45567733333333
7675,2016,7,24,6,0,0,135.569081
2605,2002,9,6,4,0,1,44.282130333333335
4702,2008,6,3,1,0,1,95.17515666666668
610,1997,3,21,4,0,1,20.276731666666667
8522,2018,11,18,6,0,0,101.098398
4984,2009,3,12,3,0,1,127.685762
5339,2010,3,2,1,0,1,186.9759373333333
9037,2020,4,16,3,0,1,250.64
621,1997,4,1,1,0,1,32.266061666666666
2803,2003,3,23,6,0,0,78.23269333333333
6966,2014,8,15,4,0,1,182.58052966666665
699,1997,6,18,2,0,1,34.576413333333335
362,1996,7,16,1,0,1,1.7857916666666664
5057,2009,5,24,6,0,0,128.68976833333332
2231,2001,8,28,1,0,1,37.742129
3010,2003,10,16,3,0,1,53.692322
1802,2000,6,25,6,0,0,35.94229166666667
5709,2011,3,7,0,0,1,89.38907866666666
